roll_no,name,email,phone,department,section,adviser_name,adviser_email,subject,subject_code,classes_held,classes_attended
23CSA001,Manoj Nair,manoj.23csa001@example.edu,+91 90000 00001,CSE,A,Prof. Arjun Pillai,arjun.t02@example.edu,Data Structures,CS301,60,55
23CSA001,Manoj Nair,manoj.23csa001@example.edu,+91 90000 00001,CSE,A,Prof. Arjun Pillai,arjun.t02@example.edu,Database Systems,CS302,46,42
23CSA001,Manoj Nair,manoj.23csa001@example.edu,+91 90000 00001,CSE,A,Prof. Arjun Pillai,arjun.t02@example.edu,Operating Systems,CS303,46,42
23CSA001,Manoj Nair,manoj.23csa001@example.edu,+91 90000 00001,CSE,A,Prof. Arjun Pillai,arjun.t02@example.edu,Computer Networks,CS304,46,42
23CSA001,Manoj Nair,manoj.23csa001@example.edu,+91 90000 00001,CSE,A,Prof. Arjun Pillai,arjun.t02@example.edu,Software Engineering,CS305,47,44
23CSA001,Manoj Nair,manoj.23csa001@example.edu,+91 90000 00001,CSE,A,Prof. Arjun Pillai,arjun.t02@example.edu,Theory of Computation,CS306,46,42
23CSA002,Pooja Mishra,pooja.23csa002@example.edu,+91 90000 00002,CSE,A,Prof. Arjun Pillai,arjun.t02@example.edu,Data Structures,CS301,60,58
23CSA002,Pooja Mishra,pooja.23csa002@example.edu,+91 90000 00002,CSE,A,Prof. Arjun Pillai,arjun.t02@example.edu,Database Systems,CS302,46,45
23CSA002,Pooja Mishra,pooja.23csa002@example.edu,+91 90000 00002,CSE,A,Prof. Arjun Pillai,arjun.t02@example.edu,Operating Systems,CS303,46,45
23CSA002,Pooja Mishra,pooja.23csa002@example.edu,+91 90000 00002,CSE,A,Prof. Arjun Pillai,arjun.t02@example.edu,Computer Networks,CS304,46,45
23CSA002,Pooja Mishra,pooja.23csa002@example.edu,+91 90000 00002,CSE,A,Prof. Arjun Pillai,arjun.t02@example.edu,Software Engineering,CS305,47,45
23CSA002,Pooja Mishra,pooja.23csa002@example.edu,+91 90000 00002,CSE,A,Prof. Arjun Pillai,arjun.t02@example.edu,Theory of Computation,CS306,46,45
23CSA003,Vivek Bose,vivek.23csa003@example.edu,+91 90000 00003,CSE,A,Prof. Arjun Pillai,arjun.t02@example.edu,Data Structures,CS301,60,55
23CSA003,Vivek Bose,vivek.23csa003@example.edu,+91 90000 00003,CSE,A,Prof. Arjun Pillai,arjun.t02@example.edu,Database Systems,CS302,46,42
23CSA003,Vivek Bose,vivek.23csa003@example.edu,+91 90000 00003,CSE,A,Prof. Arjun Pillai,arjun.t02@example.edu,Operating Systems,CS303,46,42
23CSA003,Vivek Bose,vivek.23csa003@example.edu,+91 90000 00003,CSE,A,Prof. Arjun Pillai,arjun.t02@example.edu,Computer Networks,CS304,46,42
23CSA003,Vivek Bose,vivek.23csa003@example.edu,+91 90000 00003,CSE,A,Prof. Arjun Pillai,arjun.t02@example.edu,Software Engineering,CS305,47,43
23CSA003,Vivek Bose,vivek.23csa003@example.edu,+91 90000 00003,CSE,A,Prof. Arjun Pillai,arjun.t02@example.edu,Theory of Computation,CS306,46,42
23CSA004,Sneha Joshi,sneha.23csa004@example.edu,+91 90000 00004,CSE,A,Prof. Arjun Pillai,arjun.t02@example.edu,Data Structures,CS301,60,60
23CSA004,Sneha Joshi,sneha.23csa004@example.edu,+91 90000 00004,CSE,A,Prof. Arjun Pillai,arjun.t02@example.edu,Database Systems,CS302,46,45
23CSA004,Sneha Joshi,sneha.23csa004@example.edu,+91 90000 00004,CSE,A,Prof. Arjun Pillai,arjun.t02@example.edu,Operating Systems,CS303,46,45
23CSA004,Sneha Joshi,sneha.23csa004@example.edu,+91 90000 00004,CSE,A,Prof. Arjun Pillai,arjun.t02@example.edu,Computer Networks,CS304,46,45
23CSA004,Sneha Joshi,sneha.23csa004@example.edu,+91 90000 00004,CSE,A,Prof. Arjun Pillai,arjun.t02@example.edu,Software Engineering,CS305,47,46
23CSA004,Sneha Joshi,sneha.23csa004@example.edu,+91 90000 00004,CSE,A,Prof. Arjun Pillai,arjun.t02@example.edu,Theory of Computation,CS306,46,46
23CSA005,Kavya Raman,kavya.23csa005@example.edu,+91 90000 00005,CSE,A,Prof. Arjun Pillai,arjun.t02@example.edu,Data Structures,CS301,60,56
23CSA005,Kavya Raman,kavya.23csa005@example.edu,+91 90000 00005,CSE,A,Prof. Arjun Pillai,arjun.t02@example.edu,Database Systems,CS302,46,43
23CSA005,Kavya Raman,kavya.23csa005@example.edu,+91 90000 00005,CSE,A,Prof. Arjun Pillai,arjun.t02@example.edu,Operating Systems,CS303,46,43
23CSA005,Kavya Raman,kavya.23csa005@example.edu,+91 90000 00005,CSE,A,Prof. Arjun Pillai,arjun.t02@example.edu,Computer Networks,CS304,46,43
23CSA005,Kavya Raman,kavya.23csa005@example.edu,+91 90000 00005,CSE,A,Prof. Arjun Pillai,arjun.t02@example.edu,Software Engineering,CS305,47,43
23CSA005,Kavya Raman,kavya.23csa005@example.edu,+91 90000 00005,CSE,A,Prof. Arjun Pillai,arjun.t02@example.edu,Theory of Computation,CS306,46,43
23CSA006,Manoj Pillai,manoj.23csa006@example.edu,+91 90000 00006,CSE,A,Prof. Arjun Pillai,arjun.t02@example.edu,Data Structures,CS301,60,51
23CSA006,Manoj Pillai,manoj.23csa006@example.edu,+91 90000 00006,CSE,A,Prof. Arjun Pillai,arjun.t02@example.edu,Database Systems,CS302,46,45
23CSA006,Manoj Pillai,manoj.23csa006@example.edu,+91 90000 00006,CSE,A,Prof. Arjun Pillai,arjun.t02@example.edu,Operating Systems,CS303,46,43
23CSA006,Manoj Pillai,manoj.23csa006@example.edu,+91 90000 00006,CSE,A,Prof. Arjun Pillai,arjun.t02@example.edu,Computer Networks,CS304,46,43
23CSA006,Manoj Pillai,manoj.23csa006@example.edu,+91 90000 00006,CSE,A,Prof. Arjun Pillai,arjun.t02@example.edu,Software Engineering,CS305,47,45
23CSA006,Manoj Pillai,manoj.23csa006@example.edu,+91 90000 00006,CSE,A,Prof. Arjun Pillai,arjun.t02@example.edu,Theory of Computation,CS306,46,43
23CSA007,Manoj Balaji,manoj.23csa007@example.edu,+91 90000 00007,CSE,A,Prof. Arjun Pillai,arjun.t02@example.edu,Data Structures,CS301,60,56
23CSA007,Manoj Balaji,manoj.23csa007@example.edu,+91 90000 00007,CSE,A,Prof. Arjun Pillai,arjun.t02@example.edu,Database Systems,CS302,46,42
23CSA007,Manoj Balaji,manoj.23csa007@example.edu,+91 90000 00007,CSE,A,Prof. Arjun Pillai,arjun.t02@example.edu,Operating Systems,CS303,46,42
23CSA007,Manoj Balaji,manoj.23csa007@example.edu,+91 90000 00007,CSE,A,Prof. Arjun Pillai,arjun.t02@example.edu,Computer Networks,CS304,46,43
23CSA007,Manoj Balaji,manoj.23csa007@example.edu,+91 90000 00007,CSE,A,Prof. Arjun Pillai,arjun.t02@example.edu,Software Engineering,CS305,47,44
23CSA007,Manoj Balaji,manoj.23csa007@example.edu,+91 90000 00007,CSE,A,Prof. Arjun Pillai,arjun.t02@example.edu,Theory of Computation,CS306,46,42
23CSA008,Vivek Rao,vivek.23csa008@example.edu,+91 90000 00008,CSE,A,Prof. Arjun Pillai,arjun.t02@example.edu,Data Structures,CS301,60,59
23CSA008,Vivek Rao,vivek.23csa008@example.edu,+91 90000 00008,CSE,A,Prof. Arjun Pillai,arjun.t02@example.edu,Database Systems,CS302,46,45
23CSA008,Vivek Rao,vivek.23csa008@example.edu,+91 90000 00008,CSE,A,Prof. Arjun Pillai,arjun.t02@example.edu,Operating Systems,CS303,46,45
23CSA008,Vivek Rao,vivek.23csa008@example.edu,+91 90000 00008,CSE,A,Prof. Arjun Pillai,arjun.t02@example.edu,Computer Networks,CS304,46,45
23CSA008,Vivek Rao,vivek.23csa008@example.edu,+91 90000 00008,CSE,A,Prof. Arjun Pillai,arjun.t02@example.edu,Software Engineering,CS305,47,46
23CSA008,Vivek Rao,vivek.23csa008@example.edu,+91 90000 00008,CSE,A,Prof. Arjun Pillai,arjun.t02@example.edu,Theory of Computation,CS306,46,45
23CSA009,Siddharth Gupta,siddharth.23csa009@example.edu,+91 90000 00009,CSE,A,Prof. Arjun Pillai,arjun.t02@example.edu,Data Structures,CS301,60,56
23CSA009,Siddharth Gupta,siddharth.23csa009@example.edu,+91 90000 00009,CSE,A,Prof. Arjun Pillai,arjun.t02@example.edu,Database Systems,CS302,46,43
23CSA009,Siddharth Gupta,siddharth.23csa009@example.edu,+91 90000 00009,CSE,A,Prof. Arjun Pillai,arjun.t02@example.edu,Operating Systems,CS303,46,44
23CSA009,Siddharth Gupta,siddharth.23csa009@example.edu,+91 90000 00009,CSE,A,Prof. Arjun Pillai,arjun.t02@example.edu,Computer Networks,CS304,46,43
23CSA009,Siddharth Gupta,siddharth.23csa009@example.edu,+91 90000 00009,CSE,A,Prof. Arjun Pillai,arjun.t02@example.edu,Software Engineering,CS305,47,44
23CSA009,Siddharth Gupta,siddharth.23csa009@example.edu,+91 90000 00009,CSE,A,Prof. Arjun Pillai,arjun.t02@example.edu,Theory of Computation,CS306,46,44
23CSA010,Karthik Reddy,karthik.23csa010@example.edu,+91 90000 00010,CSE,A,Prof. Arjun Pillai,arjun.t02@example.edu,Data Structures,CS301,60,47
23CSA010,Karthik Reddy,karthik.23csa010@example.edu,+91 90000 00010,CSE,A,Prof. Arjun Pillai,arjun.t02@example.edu,Database Systems,CS302,46,36
23CSA010,Karthik Reddy,karthik.23csa010@example.edu,+91 90000 00010,CSE,A,Prof. Arjun Pillai,arjun.t02@example.edu,Operating Systems,CS303,46,36
23CSA010,Karthik Reddy,karthik.23csa010@example.edu,+91 90000 00010,CSE,A,Prof. Arjun Pillai,arjun.t02@example.edu,Computer Networks,CS304,46,36
23CSA010,Karthik Reddy,karthik.23csa010@example.edu,+91 90000 00010,CSE,A,Prof. Arjun Pillai,arjun.t02@example.edu,Software Engineering,CS305,47,37
23CSA010,Karthik Reddy,karthik.23csa010@example.edu,+91 90000 00010,CSE,A,Prof. Arjun Pillai,arjun.t02@example.edu,Theory of Computation,CS306,46,36
23CSA011,Harini Menon,harini.23csa011@example.edu,+91 90000 00011,CSE,A,Prof. Arjun Pillai,arjun.t02@example.edu,Data Structures,CS301,60,51
23CSA011,Harini Menon,harini.23csa011@example.edu,+91 90000 00011,CSE,A,Prof. Arjun Pillai,arjun.t02@example.edu,Database Systems,CS302,46,39
23CSA011,Harini Menon,harini.23csa011@example.edu,+91 90000 00011,CSE,A,Prof. Arjun Pillai,arjun.t02@example.edu,Operating Systems,CS303,46,39
23CSA011,Harini Menon,harini.23csa011@example.edu,+91 90000 00011,CSE,A,Prof. Arjun Pillai,arjun.t02@example.edu,Computer Networks,CS304,46,39
23CSA011,Harini Menon,harini.23csa011@example.edu,+91 90000 00011,CSE,A,Prof. Arjun Pillai,arjun.t02@example.edu,Software Engineering,CS305,47,40
23CSA011,Harini Menon,harini.23csa011@example.edu,+91 90000 00011,CSE,A,Prof. Arjun Pillai,arjun.t02@example.edu,Theory of Computation,CS306,46,39
23CSA012,Surya Mishra,surya.23csa012@example.edu,+91 90000 00012,CSE,A,Prof. Arjun Pillai,arjun.t02@example.edu,Data Structures,CS301,60,57
23CSA012,Surya Mishra,surya.23csa012@example.edu,+91 90000 00012,CSE,A,Prof. Arjun Pillai,arjun.t02@example.edu,Database Systems,CS302,46,43
23CSA012,Surya Mishra,surya.23csa012@example.edu,+91 90000 00012,CSE,A,Prof. Arjun Pillai,arjun.t02@example.edu,Operating Systems,CS303,46,44
23CSA012,Surya Mishra,surya.23csa012@example.edu,+91 90000 00012,CSE,A,Prof. Arjun Pillai,arjun.t02@example.edu,Computer Networks,CS304,46,43
23CSA012,Surya Mishra,surya.23csa012@example.edu,+91 90000 00012,CSE,A,Prof. Arjun Pillai,arjun.t02@example.edu,Software Engineering,CS305,47,45
23CSA012,Surya Mishra,surya.23csa012@example.edu,+91 90000 00012,CSE,A,Prof. Arjun Pillai,arjun.t02@example.edu,Theory of Computation,CS306,46,44
23CSA013,Kavya Rao,kavya.23csa013@example.edu,+91 90000 00013,CSE,A,Prof. Arjun Pillai,arjun.t02@example.edu,Data Structures,CS301,60,58
23CSA013,Kavya Rao,kavya.23csa013@example.edu,+91 90000 00013,CSE,A,Prof. Arjun Pillai,arjun.t02@example.edu,Database Systems,CS302,46,44
23CSA013,Kavya Rao,kavya.23csa013@example.edu,+91 90000 00013,CSE,A,Prof. Arjun Pillai,arjun.t02@example.edu,Operating Systems,CS303,46,44
23CSA013,Kavya Rao,kavya.23csa013@example.edu,+91 90000 00013,CSE,A,Prof. Arjun Pillai,arjun.t02@example.edu,Computer Networks,CS304,46,44
23CSA013,Kavya Rao,kavya.23csa013@example.edu,+91 90000 00013,CSE,A,Prof. Arjun Pillai,arjun.t02@example.edu,Software Engineering,CS305,47,45
23CSA013,Kavya Rao,kavya.23csa013@example.edu,+91 90000 00013,CSE,A,Prof. Arjun Pillai,arjun.t02@example.edu,Theory of Computation,CS306,46,45
23CSA014,Harini Joshi,harini.23csa014@example.edu,+91 90000 00014,CSE,A,Prof. Arjun Pillai,arjun.t02@example.edu,Data Structures,CS301,60,59
23CSA014,Harini Joshi,harini.23csa014@example.edu,+91 90000 00014,CSE,A,Prof. Arjun Pillai,arjun.t02@example.edu,Database Systems,CS302,46,45
23CSA014,Harini Joshi,harini.23csa014@example.edu,+91 90000 00014,CSE,A,Prof. Arjun Pillai,arjun.t02@example.edu,Operating Systems,CS303,46,45
23CSA014,Harini Joshi,harini.23csa014@example.edu,+91 90000 00014,CSE,A,Prof. Arjun Pillai,arjun.t02@example.edu,Computer Networks,CS304,46,45
23CSA014,Harini Joshi,harini.23csa014@example.edu,+91 90000 00014,CSE,A,Prof. Arjun Pillai,arjun.t02@example.edu,Software Engineering,CS305,47,46
23CSA014,Harini Joshi,harini.23csa014@example.edu,+91 90000 00014,CSE,A,Prof. Arjun Pillai,arjun.t02@example.edu,Theory of Computation,CS306,46,45
23CSA015,Surya Menon,surya.23csa015@example.edu,+91 90000 00015,CSE,A,Prof. Arjun Pillai,arjun.t02@example.edu,Data Structures,CS301,60,59
23CSA015,Surya Menon,surya.23csa015@example.edu,+91 90000 00015,CSE,A,Prof. Arjun Pillai,arjun.t02@example.edu,Database Systems,CS302,46,45
23CSA015,Surya Menon,surya.23csa015@example.edu,+91 90000 00015,CSE,A,Prof. Arjun Pillai,arjun.t02@example.edu,Operating Systems,CS303,46,45
23CSA015,Surya Menon,surya.23csa015@example.edu,+91 90000 00015,CSE,A,Prof. Arjun Pillai,arjun.t02@example.edu,Computer Networks,CS304,46,45
23CSA015,Surya Menon,surya.23csa015@example.edu,+91 90000 00015,CSE,A,Prof. Arjun Pillai,arjun.t02@example.edu,Software Engineering,CS305,47,46
23CSA015,Surya Menon,surya.23csa015@example.edu,+91 90000 00015,CSE,A,Prof. Arjun Pillai,arjun.t02@example.edu,Theory of Computation,CS306,46,45
23CSA016,Varun Subramanian,varun.23csa016@example.edu,+91 90000 00016,CSE,A,Prof. Arjun Pillai,arjun.t02@example.edu,Data Structures,CS301,60,54
23CSA016,Varun Subramanian,varun.23csa016@example.edu,+91 90000 00016,CSE,A,Prof. Arjun Pillai,arjun.t02@example.edu,Database Systems,CS302,46,42
23CSA016,Varun Subramanian,varun.23csa016@example.edu,+91 90000 00016,CSE,A,Prof. Arjun Pillai,arjun.t02@example.edu,Operating Systems,CS303,46,42
23CSA016,Varun Subramanian,varun.23csa016@example.edu,+91 90000 00016,CSE,A,Prof. Arjun Pillai,arjun.t02@example.edu,Computer Networks,CS304,46,43
23CSA016,Varun Subramanian,varun.23csa016@example.edu,+91 90000 00016,CSE,A,Prof. Arjun Pillai,arjun.t02@example.edu,Software Engineering,CS305,47,43
23CSA016,Varun Subramanian,varun.23csa016@example.edu,+91 90000 00016,CSE,A,Prof. Arjun Pillai,arjun.t02@example.edu,Theory of Computation,CS306,46,42
23CSA017,Sneha Chandran,sneha.23csa017@example.edu,+91 90000 00017,CSE,A,Prof. Arjun Pillai,arjun.t02@example.edu,Data Structures,CS301,60,59
23CSA017,Sneha Chandran,sneha.23csa017@example.edu,+91 90000 00017,CSE,A,Prof. Arjun Pillai,arjun.t02@example.edu,Database Systems,CS302,46,45
23CSA017,Sneha Chandran,sneha.23csa017@example.edu,+91 90000 00017,CSE,A,Prof. Arjun Pillai,arjun.t02@example.edu,Operating Systems,CS303,46,45
23CSA017,Sneha Chandran,sneha.23csa017@example.edu,+91 90000 00017,CSE,A,Prof. Arjun Pillai,arjun.t02@example.edu,Computer Networks,CS304,46,45
23CSA017,Sneha Chandran,sneha.23csa017@example.edu,+91 90000 00017,CSE,A,Prof. Arjun Pillai,arjun.t02@example.edu,Software Engineering,CS305,47,46
23CSA017,Sneha Chandran,sneha.23csa017@example.edu,+91 90000 00017,CSE,A,Prof. Arjun Pillai,arjun.t02@example.edu,Theory of Computation,CS306,46,45
23CSA018,Surya Iyer,surya.23csa018@example.edu,+91 90000 00018,CSE,A,Prof. Arjun Pillai,arjun.t02@example.edu,Data Structures,CS301,60,60
23CSA018,Surya Iyer,surya.23csa018@example.edu,+91 90000 00018,CSE,A,Prof. Arjun Pillai,arjun.t02@example.edu,Database Systems,CS302,46,46
23CSA018,Surya Iyer,surya.23csa018@example.edu,+91 90000 00018,CSE,A,Prof. Arjun Pillai,arjun.t02@example.edu,Operating Systems,CS303,46,45
23CSA018,Surya Iyer,surya.23csa018@example.edu,+91 90000 00018,CSE,A,Prof. Arjun Pillai,arjun.t02@example.edu,Computer Networks,CS304,46,45
23CSA018,Surya Iyer,surya.23csa018@example.edu,+91 90000 00018,CSE,A,Prof. Arjun Pillai,arjun.t02@example.edu,Software Engineering,CS305,47,47
23CSA018,Surya Iyer,surya.23csa018@example.edu,+91 90000 00018,CSE,A,Prof. Arjun Pillai,arjun.t02@example.edu,Theory of Computation,CS306,46,46
23CSA019,Rahul Chandran,rahul.23csa019@example.edu,+91 90000 00019,CSE,A,Prof. Arjun Pillai,arjun.t02@example.edu,Data Structures,CS301,60,56
23CSA019,Rahul Chandran,rahul.23csa019@example.edu,+91 90000 00019,CSE,A,Prof. Arjun Pillai,arjun.t02@example.edu,Database Systems,CS302,46,43
23CSA019,Rahul Chandran,rahul.23csa019@example.edu,+91 90000 00019,CSE,A,Prof. Arjun Pillai,arjun.t02@example.edu,Operating Systems,CS303,46,42
23CSA019,Rahul Chandran,rahul.23csa019@example.edu,+91 90000 00019,CSE,A,Prof. Arjun Pillai,arjun.t02@example.edu,Computer Networks,CS304,46,42
23CSA019,Rahul Chandran,rahul.23csa019@example.edu,+91 90000 00019,CSE,A,Prof. Arjun Pillai,arjun.t02@example.edu,Software Engineering,CS305,47,43
23CSA019,Rahul Chandran,rahul.23csa019@example.edu,+91 90000 00019,CSE,A,Prof. Arjun Pillai,arjun.t02@example.edu,Theory of Computation,CS306,46,42
23CSA020,Gokul Krishnan,gokul.23csa020@example.edu,+91 90000 00020,CSE,A,Prof. Arjun Pillai,arjun.t02@example.edu,Data Structures,CS301,60,41
23CSA020,Gokul Krishnan,gokul.23csa020@example.edu,+91 90000 00020,CSE,A,Prof. Arjun Pillai,arjun.t02@example.edu,Database Systems,CS302,46,32
23CSA020,Gokul Krishnan,gokul.23csa020@example.edu,+91 90000 00020,CSE,A,Prof. Arjun Pillai,arjun.t02@example.edu,Operating Systems,CS303,46,32
23CSA020,Gokul Krishnan,gokul.23csa020@example.edu,+91 90000 00020,CSE,A,Prof. Arjun Pillai,arjun.t02@example.edu,Computer Networks,CS304,46,32
23CSA020,Gokul Krishnan,gokul.23csa020@example.edu,+91 90000 00020,CSE,A,Prof. Arjun Pillai,arjun.t02@example.edu,Software Engineering,CS305,47,33
23CSA020,Gokul Krishnan,gokul.23csa020@example.edu,+91 90000 00020,CSE,A,Prof. Arjun Pillai,arjun.t02@example.edu,Theory of Computation,CS306,46,32
23CSA021,Shreya Venkatesh,shreya.23csa021@example.edu,+91 90000 00021,CSE,A,Prof. Arjun Pillai,arjun.t02@example.edu,Data Structures,CS301,60,57
23CSA021,Shreya Venkatesh,shreya.23csa021@example.edu,+91 90000 00021,CSE,A,Prof. Arjun Pillai,arjun.t02@example.edu,Database Systems,CS302,46,44
23CSA021,Shreya Venkatesh,shreya.23csa021@example.edu,+91 90000 00021,CSE,A,Prof. Arjun Pillai,arjun.t02@example.edu,Operating Systems,CS303,46,43
23CSA021,Shreya Venkatesh,shreya.23csa021@example.edu,+91 90000 00021,CSE,A,Prof. Arjun Pillai,arjun.t02@example.edu,Computer Networks,CS304,46,44
23CSA021,Shreya Venkatesh,shreya.23csa021@example.edu,+91 90000 00021,CSE,A,Prof. Arjun Pillai,arjun.t02@example.edu,Software Engineering,CS305,47,45
23CSA021,Shreya Venkatesh,shreya.23csa021@example.edu,+91 90000 00021,CSE,A,Prof. Arjun Pillai,arjun.t02@example.edu,Theory of Computation,CS306,46,43
23CSA022,Siddharth Das,siddharth.23csa022@example.edu,+91 90000 00022,CSE,A,Prof. Arjun Pillai,arjun.t02@example.edu,Data Structures,CS301,60,59
23CSA022,Siddharth Das,siddharth.23csa022@example.edu,+91 90000 00022,CSE,A,Prof. Arjun Pillai,arjun.t02@example.edu,Database Systems,CS302,46,46
23CSA022,Siddharth Das,siddharth.23csa022@example.edu,+91 90000 00022,CSE,A,Prof. Arjun Pillai,arjun.t02@example.edu,Operating Systems,CS303,46,46
23CSA022,Siddharth Das,siddharth.23csa022@example.edu,+91 90000 00022,CSE,A,Prof. Arjun Pillai,arjun.t02@example.edu,Computer Networks,CS304,46,46
23CSA022,Siddharth Das,siddharth.23csa022@example.edu,+91 90000 00022,CSE,A,Prof. Arjun Pillai,arjun.t02@example.edu,Software Engineering,CS305,47,46
23CSA022,Siddharth Das,siddharth.23csa022@example.edu,+91 90000 00022,CSE,A,Prof. Arjun Pillai,arjun.t02@example.edu,Theory of Computation,CS306,46,45
23CSA023,Arjun Bose,arjun.23csa023@example.edu,+91 90000 00023,CSE,A,Prof. Arjun Pillai,arjun.t02@example.edu,Data Structures,CS301,60,59
23CSA023,Arjun Bose,arjun.23csa023@example.edu,+91 90000 00023,CSE,A,Prof. Arjun Pillai,arjun.t02@example.edu,Database Systems,CS302,46,45
23CSA023,Arjun Bose,arjun.23csa023@example.edu,+91 90000 00023,CSE,A,Prof. Arjun Pillai,arjun.t02@example.edu,Operating Systems,CS303,46,45
23CSA023,Arjun Bose,arjun.23csa023@example.edu,+91 90000 00023,CSE,A,Prof. Arjun Pillai,arjun.t02@example.edu,Computer Networks,CS304,46,45
23CSA023,Arjun Bose,arjun.23csa023@example.edu,+91 90000 00023,CSE,A,Prof. Arjun Pillai,arjun.t02@example.edu,Software Engineering,CS305,47,47
23CSA023,Arjun Bose,arjun.23csa023@example.edu,+91 90000 00023,CSE,A,Prof. Arjun Pillai,arjun.t02@example.edu,Theory of Computation,CS306,46,45
23CSA024,Harish Joshi,harish.23csa024@example.edu,+91 90000 00024,CSE,A,Prof. Arjun Pillai,arjun.t02@example.edu,Data Structures,CS301,60,51
23CSA024,Harish Joshi,harish.23csa024@example.edu,+91 90000 00024,CSE,A,Prof. Arjun Pillai,arjun.t02@example.edu,Database Systems,CS302,46,39
23CSA024,Harish Joshi,harish.23csa024@example.edu,+91 90000 00024,CSE,A,Prof. Arjun Pillai,arjun.t02@example.edu,Operating Systems,CS303,46,39
23CSA024,Harish Joshi,harish.23csa024@example.edu,+91 90000 00024,CSE,A,Prof. Arjun Pillai,arjun.t02@example.edu,Computer Networks,CS304,46,40
23CSA024,Harish Joshi,harish.23csa024@example.edu,+91 90000 00024,CSE,A,Prof. Arjun Pillai,arjun.t02@example.edu,Software Engineering,CS305,47,40
23CSA024,Harish Joshi,harish.23csa024@example.edu,+91 90000 00024,CSE,A,Prof. Arjun Pillai,arjun.t02@example.edu,Theory of Computation,CS306,46,39
23CSA025,Nivetha Raman,nivetha.23csa025@example.edu,+91 90000 00025,CSE,A,Prof. Arjun Pillai,arjun.t02@example.edu,Data Structures,CS301,60,56
23CSA025,Nivetha Raman,nivetha.23csa025@example.edu,+91 90000 00025,CSE,A,Prof. Arjun Pillai,arjun.t02@example.edu,Database Systems,CS302,46,43
23CSA025,Nivetha Raman,nivetha.23csa025@example.edu,+91 90000 00025,CSE,A,Prof. Arjun Pillai,arjun.t02@example.edu,Operating Systems,CS303,46,43
23CSA025,Nivetha Raman,nivetha.23csa025@example.edu,+91 90000 00025,CSE,A,Prof. Arjun Pillai,arjun.t02@example.edu,Computer Networks,CS304,46,42
23CSA025,Nivetha Raman,nivetha.23csa025@example.edu,+91 90000 00025,CSE,A,Prof. Arjun Pillai,arjun.t02@example.edu,Software Engineering,CS305,47,43
23CSA025,Nivetha Raman,nivetha.23csa025@example.edu,+91 90000 00025,CSE,A,Prof. Arjun Pillai,arjun.t02@example.edu,Theory of Computation,CS306,46,42
23CSA026,Bhavana Chandran,bhavana.23csa026@example.edu,+91 90000 00026,CSE,A,Prof. Arjun Pillai,arjun.t02@example.edu,Data Structures,CS301,60,51
23CSA026,Bhavana Chandran,bhavana.23csa026@example.edu,+91 90000 00026,CSE,A,Prof. Arjun Pillai,arjun.t02@example.edu,Database Systems,CS302,46,39
23CSA026,Bhavana Chandran,bhavana.23csa026@example.edu,+91 90000 00026,CSE,A,Prof. Arjun Pillai,arjun.t02@example.edu,Operating Systems,CS303,46,39
23CSA026,Bhavana Chandran,bhavana.23csa026@example.edu,+91 90000 00026,CSE,A,Prof. Arjun Pillai,arjun.t02@example.edu,Computer Networks,CS304,46,39
23CSA026,Bhavana Chandran,bhavana.23csa026@example.edu,+91 90000 00026,CSE,A,Prof. Arjun Pillai,arjun.t02@example.edu,Software Engineering,CS305,47,40
23CSA026,Bhavana Chandran,bhavana.23csa026@example.edu,+91 90000 00026,CSE,A,Prof. Arjun Pillai,arjun.t02@example.edu,Theory of Computation,CS306,46,40
23CSA027,Naveen Joshi,naveen.23csa027@example.edu,+91 90000 00027,CSE,A,Prof. Arjun Pillai,arjun.t02@example.edu,Data Structures,CS301,60,57
23CSA027,Naveen Joshi,naveen.23csa027@example.edu,+91 90000 00027,CSE,A,Prof. Arjun Pillai,arjun.t02@example.edu,Database Systems,CS302,46,43
23CSA027,Naveen Joshi,naveen.23csa027@example.edu,+91 90000 00027,CSE,A,Prof. Arjun Pillai,arjun.t02@example.edu,Operating Systems,CS303,46,44
23CSA027,Naveen Joshi,naveen.23csa027@example.edu,+91 90000 00027,CSE,A,Prof. Arjun Pillai,arjun.t02@example.edu,Computer Networks,CS304,46,44
23CSA027,Naveen Joshi,naveen.23csa027@example.edu,+91 90000 00027,CSE,A,Prof. Arjun Pillai,arjun.t02@example.edu,Software Engineering,CS305,47,45
23CSA027,Naveen Joshi,naveen.23csa027@example.edu,+91 90000 00027,CSE,A,Prof. Arjun Pillai,arjun.t02@example.edu,Theory of Computation,CS306,46,43
23CSA028,Shreya Raman,shreya.23csa028@example.edu,+91 90000 00028,CSE,A,Prof. Arjun Pillai,arjun.t02@example.edu,Data Structures,CS301,60,51
23CSA028,Shreya Raman,shreya.23csa028@example.edu,+91 90000 00028,CSE,A,Prof. Arjun Pillai,arjun.t02@example.edu,Database Systems,CS302,46,39
23CSA028,Shreya Raman,shreya.23csa028@example.edu,+91 90000 00028,CSE,A,Prof. Arjun Pillai,arjun.t02@example.edu,Operating Systems,CS303,46,39
23CSA028,Shreya Raman,shreya.23csa028@example.edu,+91 90000 00028,CSE,A,Prof. Arjun Pillai,arjun.t02@example.edu,Computer Networks,CS304,46,39
23CSA028,Shreya Raman,shreya.23csa028@example.edu,+91 90000 00028,CSE,A,Prof. Arjun Pillai,arjun.t02@example.edu,Software Engineering,CS305,47,40
23CSA028,Shreya Raman,shreya.23csa028@example.edu,+91 90000 00028,CSE,A,Prof. Arjun Pillai,arjun.t02@example.edu,Theory of Computation,CS306,46,39
23CSA029,Aarav Kumar,aarav.23csa029@example.edu,+91 90000 00029,CSE,A,Prof. Arjun Pillai,arjun.t02@example.edu,Data Structures,CS301,60,58
23CSA029,Aarav Kumar,aarav.23csa029@example.edu,+91 90000 00029,CSE,A,Prof. Arjun Pillai,arjun.t02@example.edu,Database Systems,CS302,46,44
23CSA029,Aarav Kumar,aarav.23csa029@example.edu,+91 90000 00029,CSE,A,Prof. Arjun Pillai,arjun.t02@example.edu,Operating Systems,CS303,46,44
23CSA029,Aarav Kumar,aarav.23csa029@example.edu,+91 90000 00029,CSE,A,Prof. Arjun Pillai,arjun.t02@example.edu,Computer Networks,CS304,46,44
23CSA029,Aarav Kumar,aarav.23csa029@example.edu,+91 90000 00029,CSE,A,Prof. Arjun Pillai,arjun.t02@example.edu,Software Engineering,CS305,47,45
23CSA029,Aarav Kumar,aarav.23csa029@example.edu,+91 90000 00029,CSE,A,Prof. Arjun Pillai,arjun.t02@example.edu,Theory of Computation,CS306,46,44
23CSA030,Deepika Kumar,deepika.23csa030@example.edu,+91 90000 00030,CSE,A,Prof. Arjun Pillai,arjun.t02@example.edu,Data Structures,CS301,60,31
23CSA030,Deepika Kumar,deepika.23csa030@example.edu,+91 90000 00030,CSE,A,Prof. Arjun Pillai,arjun.t02@example.edu,Database Systems,CS302,46,23
23CSA030,Deepika Kumar,deepika.23csa030@example.edu,+91 90000 00030,CSE,A,Prof. Arjun Pillai,arjun.t02@example.edu,Operating Systems,CS303,46,24
23CSA030,Deepika Kumar,deepika.23csa030@example.edu,+91 90000 00030,CSE,A,Prof. Arjun Pillai,arjun.t02@example.edu,Computer Networks,CS304,46,23
23CSA030,Deepika Kumar,deepika.23csa030@example.edu,+91 90000 00030,CSE,A,Prof. Arjun Pillai,arjun.t02@example.edu,Software Engineering,CS305,47,25
23CSA030,Deepika Kumar,deepika.23csa030@example.edu,+91 90000 00030,CSE,A,Prof. Arjun Pillai,arjun.t02@example.edu,Theory of Computation,CS306,46,24
23CSB001,Nikhil Bose,nikhil.23csb001@example.edu,+91 90000 00031,CSE,B,Dr. Kavitha Menon,kavitha.t03@example.edu,Data Structures,CS301,60,48
23CSB001,Nikhil Bose,nikhil.23csb001@example.edu,+91 90000 00031,CSE,B,Dr. Kavitha Menon,kavitha.t03@example.edu,Database Systems,CS302,46,36
23CSB001,Nikhil Bose,nikhil.23csb001@example.edu,+91 90000 00031,CSE,B,Dr. Kavitha Menon,kavitha.t03@example.edu,Operating Systems,CS303,47,37
23CSB001,Nikhil Bose,nikhil.23csb001@example.edu,+91 90000 00031,CSE,B,Dr. Kavitha Menon,kavitha.t03@example.edu,Computer Networks,CS304,46,37
23CSB001,Nikhil Bose,nikhil.23csb001@example.edu,+91 90000 00031,CSE,B,Dr. Kavitha Menon,kavitha.t03@example.edu,Software Engineering,CS305,46,37
23CSB001,Nikhil Bose,nikhil.23csb001@example.edu,+91 90000 00031,CSE,B,Dr. Kavitha Menon,kavitha.t03@example.edu,Theory of Computation,CS306,46,37
23CSB002,Vivek Krishnan,vivek.23csb002@example.edu,+91 90000 00032,CSE,B,Dr. Kavitha Menon,kavitha.t03@example.edu,Data Structures,CS301,60,59
23CSB002,Vivek Krishnan,vivek.23csb002@example.edu,+91 90000 00032,CSE,B,Dr. Kavitha Menon,kavitha.t03@example.edu,Database Systems,CS302,46,46
23CSB002,Vivek Krishnan,vivek.23csb002@example.edu,+91 90000 00032,CSE,B,Dr. Kavitha Menon,kavitha.t03@example.edu,Operating Systems,CS303,47,46
23CSB002,Vivek Krishnan,vivek.23csb002@example.edu,+91 90000 00032,CSE,B,Dr. Kavitha Menon,kavitha.t03@example.edu,Computer Networks,CS304,46,45
23CSB002,Vivek Krishnan,vivek.23csb002@example.edu,+91 90000 00032,CSE,B,Dr. Kavitha Menon,kavitha.t03@example.edu,Software Engineering,CS305,46,45
23CSB002,Vivek Krishnan,vivek.23csb002@example.edu,+91 90000 00032,CSE,B,Dr. Kavitha Menon,kavitha.t03@example.edu,Theory of Computation,CS306,46,45
23CSB003,Akash Pillai,akash.23csb003@example.edu,+91 90000 00033,CSE,B,Dr. Kavitha Menon,kavitha.t03@example.edu,Data Structures,CS301,60,56
23CSB003,Akash Pillai,akash.23csb003@example.edu,+91 90000 00033,CSE,B,Dr. Kavitha Menon,kavitha.t03@example.edu,Database Systems,CS302,46,44
23CSB003,Akash Pillai,akash.23csb003@example.edu,+91 90000 00033,CSE,B,Dr. Kavitha Menon,kavitha.t03@example.edu,Operating Systems,CS303,47,45
23CSB003,Akash Pillai,akash.23csb003@example.edu,+91 90000 00033,CSE,B,Dr. Kavitha Menon,kavitha.t03@example.edu,Computer Networks,CS304,46,43
23CSB003,Akash Pillai,akash.23csb003@example.edu,+91 90000 00033,CSE,B,Dr. Kavitha Menon,kavitha.t03@example.edu,Software Engineering,CS305,46,43
23CSB003,Akash Pillai,akash.23csb003@example.edu,+91 90000 00033,CSE,B,Dr. Kavitha Menon,kavitha.t03@example.edu,Theory of Computation,CS306,46,43
23CSB004,Ananya Menon,ananya.23csb004@example.edu,+91 90000 00034,CSE,B,Dr. Kavitha Menon,kavitha.t03@example.edu,Data Structures,CS301,60,55
23CSB004,Ananya Menon,ananya.23csb004@example.edu,+91 90000 00034,CSE,B,Dr. Kavitha Menon,kavitha.t03@example.edu,Database Systems,CS302,46,43
23CSB004,Ananya Menon,ananya.23csb004@example.edu,+91 90000 00034,CSE,B,Dr. Kavitha Menon,kavitha.t03@example.edu,Operating Systems,CS303,47,43
23CSB004,Ananya Menon,ananya.23csb004@example.edu,+91 90000 00034,CSE,B,Dr. Kavitha Menon,kavitha.t03@example.edu,Computer Networks,CS304,46,42
23CSB004,Ananya Menon,ananya.23csb004@example.edu,+91 90000 00034,CSE,B,Dr. Kavitha Menon,kavitha.t03@example.edu,Software Engineering,CS305,46,43
23CSB004,Ananya Menon,ananya.23csb004@example.edu,+91 90000 00034,CSE,B,Dr. Kavitha Menon,kavitha.t03@example.edu,Theory of Computation,CS306,46,43
23CSB005,Aishwarya Das,aishwarya.23csb005@example.edu,+91 90000 00035,CSE,B,Dr. Kavitha Menon,kavitha.t03@example.edu,Data Structures,CS301,60,58
23CSB005,Aishwarya Das,aishwarya.23csb005@example.edu,+91 90000 00035,CSE,B,Dr. Kavitha Menon,kavitha.t03@example.edu,Database Systems,CS302,46,45
23CSB005,Aishwarya Das,aishwarya.23csb005@example.edu,+91 90000 00035,CSE,B,Dr. Kavitha Menon,kavitha.t03@example.edu,Operating Systems,CS303,47,46
23CSB005,Aishwarya Das,aishwarya.23csb005@example.edu,+91 90000 00035,CSE,B,Dr. Kavitha Menon,kavitha.t03@example.edu,Computer Networks,CS304,46,44
23CSB005,Aishwarya Das,aishwarya.23csb005@example.edu,+91 90000 00035,CSE,B,Dr. Kavitha Menon,kavitha.t03@example.edu,Software Engineering,CS305,46,44
23CSB005,Aishwarya Das,aishwarya.23csb005@example.edu,+91 90000 00035,CSE,B,Dr. Kavitha Menon,kavitha.t03@example.edu,Theory of Computation,CS306,46,45
23CSB006,Keerthana Iyer,keerthana.23csb006@example.edu,+91 90000 00036,CSE,B,Dr. Kavitha Menon,kavitha.t03@example.edu,Data Structures,CS301,60,51
23CSB006,Keerthana Iyer,keerthana.23csb006@example.edu,+91 90000 00036,CSE,B,Dr. Kavitha Menon,kavitha.t03@example.edu,Database Systems,CS302,46,40
23CSB006,Keerthana Iyer,keerthana.23csb006@example.edu,+91 90000 00036,CSE,B,Dr. Kavitha Menon,kavitha.t03@example.edu,Operating Systems,CS303,47,40
23CSB006,Keerthana Iyer,keerthana.23csb006@example.edu,+91 90000 00036,CSE,B,Dr. Kavitha Menon,kavitha.t03@example.edu,Computer Networks,CS304,46,39
23CSB006,Keerthana Iyer,keerthana.23csb006@example.edu,+91 90000 00036,CSE,B,Dr. Kavitha Menon,kavitha.t03@example.edu,Software Engineering,CS305,46,40
23CSB006,Keerthana Iyer,keerthana.23csb006@example.edu,+91 90000 00036,CSE,B,Dr. Kavitha Menon,kavitha.t03@example.edu,Theory of Computation,CS306,46,40
23CSB007,Sneha Chandran,sneha.23csb007@example.edu,+91 90000 00037,CSE,B,Dr. Kavitha Menon,kavitha.t03@example.edu,Data Structures,CS301,60,56
23CSB007,Sneha Chandran,sneha.23csb007@example.edu,+91 90000 00037,CSE,B,Dr. Kavitha Menon,kavitha.t03@example.edu,Database Systems,CS302,46,43
23CSB007,Sneha Chandran,sneha.23csb007@example.edu,+91 90000 00037,CSE,B,Dr. Kavitha Menon,kavitha.t03@example.edu,Operating Systems,CS303,47,43
23CSB007,Sneha Chandran,sneha.23csb007@example.edu,+91 90000 00037,CSE,B,Dr. Kavitha Menon,kavitha.t03@example.edu,Computer Networks,CS304,46,43
23CSB007,Sneha Chandran,sneha.23csb007@example.edu,+91 90000 00037,CSE,B,Dr. Kavitha Menon,kavitha.t03@example.edu,Software Engineering,CS305,46,43
23CSB007,Sneha Chandran,sneha.23csb007@example.edu,+91 90000 00037,CSE,B,Dr. Kavitha Menon,kavitha.t03@example.edu,Theory of Computation,CS306,46,43
23CSB008,Shreya Rao,shreya.23csb008@example.edu,+91 90000 00038,CSE,B,Dr. Kavitha Menon,kavitha.t03@example.edu,Data Structures,CS301,60,55
23CSB008,Shreya Rao,shreya.23csb008@example.edu,+91 90000 00038,CSE,B,Dr. Kavitha Menon,kavitha.t03@example.edu,Database Systems,CS302,46,42
23CSB008,Shreya Rao,shreya.23csb008@example.edu,+91 90000 00038,CSE,B,Dr. Kavitha Menon,kavitha.t03@example.edu,Operating Systems,CS303,47,43
23CSB008,Shreya Rao,shreya.23csb008@example.edu,+91 90000 00038,CSE,B,Dr. Kavitha Menon,kavitha.t03@example.edu,Computer Networks,CS304,46,42
23CSB008,Shreya Rao,shreya.23csb008@example.edu,+91 90000 00038,CSE,B,Dr. Kavitha Menon,kavitha.t03@example.edu,Software Engineering,CS305,46,42
23CSB008,Shreya Rao,shreya.23csb008@example.edu,+91 90000 00038,CSE,B,Dr. Kavitha Menon,kavitha.t03@example.edu,Theory of Computation,CS306,46,43
23CSB009,Manoj Subramanian,manoj.23csb009@example.edu,+91 90000 00039,CSE,B,Dr. Kavitha Menon,kavitha.t03@example.edu,Data Structures,CS301,60,55
23CSB009,Manoj Subramanian,manoj.23csb009@example.edu,+91 90000 00039,CSE,B,Dr. Kavitha Menon,kavitha.t03@example.edu,Database Systems,CS302,46,42
23CSB009,Manoj Subramanian,manoj.23csb009@example.edu,+91 90000 00039,CSE,B,Dr. Kavitha Menon,kavitha.t03@example.edu,Operating Systems,CS303,47,43
23CSB009,Manoj Subramanian,manoj.23csb009@example.edu,+91 90000 00039,CSE,B,Dr. Kavitha Menon,kavitha.t03@example.edu,Computer Networks,CS304,46,42
23CSB009,Manoj Subramanian,manoj.23csb009@example.edu,+91 90000 00039,CSE,B,Dr. Kavitha Menon,kavitha.t03@example.edu,Software Engineering,CS305,46,42
23CSB009,Manoj Subramanian,manoj.23csb009@example.edu,+91 90000 00039,CSE,B,Dr. Kavitha Menon,kavitha.t03@example.edu,Theory of Computation,CS306,46,42
23CSB010,Pooja Kumar,pooja.23csb010@example.edu,+91 90000 00040,CSE,B,Dr. Kavitha Menon,kavitha.t03@example.edu,Data Structures,CS301,60,58
23CSB010,Pooja Kumar,pooja.23csb010@example.edu,+91 90000 00040,CSE,B,Dr. Kavitha Menon,kavitha.t03@example.edu,Database Systems,CS302,46,44
23CSB010,Pooja Kumar,pooja.23csb010@example.edu,+91 90000 00040,CSE,B,Dr. Kavitha Menon,kavitha.t03@example.edu,Operating Systems,CS303,47,46
23CSB010,Pooja Kumar,pooja.23csb010@example.edu,+91 90000 00040,CSE,B,Dr. Kavitha Menon,kavitha.t03@example.edu,Computer Networks,CS304,46,44
23CSB010,Pooja Kumar,pooja.23csb010@example.edu,+91 90000 00040,CSE,B,Dr. Kavitha Menon,kavitha.t03@example.edu,Software Engineering,CS305,46,45
23CSB010,Pooja Kumar,pooja.23csb010@example.edu,+91 90000 00040,CSE,B,Dr. Kavitha Menon,kavitha.t03@example.edu,Theory of Computation,CS306,46,45
23CSB011,Keerthana Pillai,keerthana.23csb011@example.edu,+91 90000 00041,CSE,B,Dr. Kavitha Menon,kavitha.t03@example.edu,Data Structures,CS301,60,58
23CSB011,Keerthana Pillai,keerthana.23csb011@example.edu,+91 90000 00041,CSE,B,Dr. Kavitha Menon,kavitha.t03@example.edu,Database Systems,CS302,46,45
23CSB011,Keerthana Pillai,keerthana.23csb011@example.edu,+91 90000 00041,CSE,B,Dr. Kavitha Menon,kavitha.t03@example.edu,Operating Systems,CS303,47,46
23CSB011,Keerthana Pillai,keerthana.23csb011@example.edu,+91 90000 00041,CSE,B,Dr. Kavitha Menon,kavitha.t03@example.edu,Computer Networks,CS304,46,45
23CSB011,Keerthana Pillai,keerthana.23csb011@example.edu,+91 90000 00041,CSE,B,Dr. Kavitha Menon,kavitha.t03@example.edu,Software Engineering,CS305,46,45
23CSB011,Keerthana Pillai,keerthana.23csb011@example.edu,+91 90000 00041,CSE,B,Dr. Kavitha Menon,kavitha.t03@example.edu,Theory of Computation,CS306,46,45
23CSB012,Shreya Chandran,shreya.23csb012@example.edu,+91 90000 00042,CSE,B,Dr. Kavitha Menon,kavitha.t03@example.edu,Data Structures,CS301,60,47
23CSB012,Shreya Chandran,shreya.23csb012@example.edu,+91 90000 00042,CSE,B,Dr. Kavitha Menon,kavitha.t03@example.edu,Database Systems,CS302,46,36
23CSB012,Shreya Chandran,shreya.23csb012@example.edu,+91 90000 00042,CSE,B,Dr. Kavitha Menon,kavitha.t03@example.edu,Operating Systems,CS303,47,37
23CSB012,Shreya Chandran,shreya.23csb012@example.edu,+91 90000 00042,CSE,B,Dr. Kavitha Menon,kavitha.t03@example.edu,Computer Networks,CS304,46,36
23CSB012,Shreya Chandran,shreya.23csb012@example.edu,+91 90000 00042,CSE,B,Dr. Kavitha Menon,kavitha.t03@example.edu,Software Engineering,CS305,46,36
23CSB012,Shreya Chandran,shreya.23csb012@example.edu,+91 90000 00042,CSE,B,Dr. Kavitha Menon,kavitha.t03@example.edu,Theory of Computation,CS306,46,36
23CSB013,Aarav Pillai,aarav.23csb013@example.edu,+91 90000 00043,CSE,B,Dr. Kavitha Menon,kavitha.t03@example.edu,Data Structures,CS301,60,57
23CSB013,Aarav Pillai,aarav.23csb013@example.edu,+91 90000 00043,CSE,B,Dr. Kavitha Menon,kavitha.t03@example.edu,Database Systems,CS302,46,45
23CSB013,Aarav Pillai,aarav.23csb013@example.edu,+91 90000 00043,CSE,B,Dr. Kavitha Menon,kavitha.t03@example.edu,Operating Systems,CS303,47,45
23CSB013,Aarav Pillai,aarav.23csb013@example.edu,+91 90000 00043,CSE,B,Dr. Kavitha Menon,kavitha.t03@example.edu,Computer Networks,CS304,46,44
23CSB013,Aarav Pillai,aarav.23csb013@example.edu,+91 90000 00043,CSE,B,Dr. Kavitha Menon,kavitha.t03@example.edu,Software Engineering,CS305,46,44
23CSB013,Aarav Pillai,aarav.23csb013@example.edu,+91 90000 00043,CSE,B,Dr. Kavitha Menon,kavitha.t03@example.edu,Theory of Computation,CS306,46,45
23CSB014,Nivetha Bose,nivetha.23csb014@example.edu,+91 90000 00044,CSE,B,Dr. Kavitha Menon,kavitha.t03@example.edu,Data Structures,CS301,60,55
23CSB014,Nivetha Bose,nivetha.23csb014@example.edu,+91 90000 00044,CSE,B,Dr. Kavitha Menon,kavitha.t03@example.edu,Database Systems,CS302,46,42
23CSB014,Nivetha Bose,nivetha.23csb014@example.edu,+91 90000 00044,CSE,B,Dr. Kavitha Menon,kavitha.t03@example.edu,Operating Systems,CS303,47,43
23CSB014,Nivetha Bose,nivetha.23csb014@example.edu,+91 90000 00044,CSE,B,Dr. Kavitha Menon,kavitha.t03@example.edu,Computer Networks,CS304,46,42
23CSB014,Nivetha Bose,nivetha.23csb014@example.edu,+91 90000 00044,CSE,B,Dr. Kavitha Menon,kavitha.t03@example.edu,Software Engineering,CS305,46,42
23CSB014,Nivetha Bose,nivetha.23csb014@example.edu,+91 90000 00044,CSE,B,Dr. Kavitha Menon,kavitha.t03@example.edu,Theory of Computation,CS306,46,43
23CSB015,Arjun Gupta,arjun.23csb015@example.edu,+91 90000 00045,CSE,B,Dr. Kavitha Menon,kavitha.t03@example.edu,Data Structures,CS301,60,56
23CSB015,Arjun Gupta,arjun.23csb015@example.edu,+91 90000 00045,CSE,B,Dr. Kavitha Menon,kavitha.t03@example.edu,Database Systems,CS302,46,43
23CSB015,Arjun Gupta,arjun.23csb015@example.edu,+91 90000 00045,CSE,B,Dr. Kavitha Menon,kavitha.t03@example.edu,Operating Systems,CS303,47,44
23CSB015,Arjun Gupta,arjun.23csb015@example.edu,+91 90000 00045,CSE,B,Dr. Kavitha Menon,kavitha.t03@example.edu,Computer Networks,CS304,46,44
23CSB015,Arjun Gupta,arjun.23csb015@example.edu,+91 90000 00045,CSE,B,Dr. Kavitha Menon,kavitha.t03@example.edu,Software Engineering,CS305,46,43
23CSB015,Arjun Gupta,arjun.23csb015@example.edu,+91 90000 00045,CSE,B,Dr. Kavitha Menon,kavitha.t03@example.edu,Theory of Computation,CS306,46,44
23CSB016,Aditya Chandran,aditya.23csb016@example.edu,+91 90000 00046,CSE,B,Dr. Kavitha Menon,kavitha.t03@example.edu,Data Structures,CS301,60,56
23CSB016,Aditya Chandran,aditya.23csb016@example.edu,+91 90000 00046,CSE,B,Dr. Kavitha Menon,kavitha.t03@example.edu,Database Systems,CS302,46,43
23CSB016,Aditya Chandran,aditya.23csb016@example.edu,+91 90000 00046,CSE,B,Dr. Kavitha Menon,kavitha.t03@example.edu,Operating Systems,CS303,47,44
23CSB016,Aditya Chandran,aditya.23csb016@example.edu,+91 90000 00046,CSE,B,Dr. Kavitha Menon,kavitha.t03@example.edu,Computer Networks,CS304,46,43
23CSB016,Aditya Chandran,aditya.23csb016@example.edu,+91 90000 00046,CSE,B,Dr. Kavitha Menon,kavitha.t03@example.edu,Software Engineering,CS305,46,43
23CSB016,Aditya Chandran,aditya.23csb016@example.edu,+91 90000 00046,CSE,B,Dr. Kavitha Menon,kavitha.t03@example.edu,Theory of Computation,CS306,46,43
23CSB017,Ananya Bose,ananya.23csb017@example.edu,+91 90000 00047,CSE,B,Dr. Kavitha Menon,kavitha.t03@example.edu,Data Structures,CS301,60,51
23CSB017,Ananya Bose,ananya.23csb017@example.edu,+91 90000 00047,CSE,B,Dr. Kavitha Menon,kavitha.t03@example.edu,Database Systems,CS302,46,39
23CSB017,Ananya Bose,ananya.23csb017@example.edu,+91 90000 00047,CSE,B,Dr. Kavitha Menon,kavitha.t03@example.edu,Operating Systems,CS303,47,40
23CSB017,Ananya Bose,ananya.23csb017@example.edu,+91 90000 00047,CSE,B,Dr. Kavitha Menon,kavitha.t03@example.edu,Computer Networks,CS304,46,39
23CSB017,Ananya Bose,ananya.23csb017@example.edu,+91 90000 00047,CSE,B,Dr. Kavitha Menon,kavitha.t03@example.edu,Software Engineering,CS305,46,39
23CSB017,Ananya Bose,ananya.23csb017@example.edu,+91 90000 00047,CSE,B,Dr. Kavitha Menon,kavitha.t03@example.edu,Theory of Computation,CS306,46,39
23CSB018,Meera Venkatesh,meera.23csb018@example.edu,+91 90000 00048,CSE,B,Dr. Kavitha Menon,kavitha.t03@example.edu,Data Structures,CS301,60,58
23CSB018,Meera Venkatesh,meera.23csb018@example.edu,+91 90000 00048,CSE,B,Dr. Kavitha Menon,kavitha.t03@example.edu,Database Systems,CS302,46,45
23CSB018,Meera Venkatesh,meera.23csb018@example.edu,+91 90000 00048,CSE,B,Dr. Kavitha Menon,kavitha.t03@example.edu,Operating Systems,CS303,47,45
23CSB018,Meera Venkatesh,meera.23csb018@example.edu,+91 90000 00048,CSE,B,Dr. Kavitha Menon,kavitha.t03@example.edu,Computer Networks,CS304,46,45
23CSB018,Meera Venkatesh,meera.23csb018@example.edu,+91 90000 00048,CSE,B,Dr. Kavitha Menon,kavitha.t03@example.edu,Software Engineering,CS305,46,44
23CSB018,Meera Venkatesh,meera.23csb018@example.edu,+91 90000 00048,CSE,B,Dr. Kavitha Menon,kavitha.t03@example.edu,Theory of Computation,CS306,46,45
23CSB019,Pooja Kumar,pooja.23csb019@example.edu,+91 90000 00049,CSE,B,Dr. Kavitha Menon,kavitha.t03@example.edu,Data Structures,CS301,60,59
23CSB019,Pooja Kumar,pooja.23csb019@example.edu,+91 90000 00049,CSE,B,Dr. Kavitha Menon,kavitha.t03@example.edu,Database Systems,CS302,46,45
23CSB019,Pooja Kumar,pooja.23csb019@example.edu,+91 90000 00049,CSE,B,Dr. Kavitha Menon,kavitha.t03@example.edu,Operating Systems,CS303,47,46
23CSB019,Pooja Kumar,pooja.23csb019@example.edu,+91 90000 00049,CSE,B,Dr. Kavitha Menon,kavitha.t03@example.edu,Computer Networks,CS304,46,45
23CSB019,Pooja Kumar,pooja.23csb019@example.edu,+91 90000 00049,CSE,B,Dr. Kavitha Menon,kavitha.t03@example.edu,Software Engineering,CS305,46,45
23CSB019,Pooja Kumar,pooja.23csb019@example.edu,+91 90000 00049,CSE,B,Dr. Kavitha Menon,kavitha.t03@example.edu,Theory of Computation,CS306,46,45
23CSB020,Nikhil Raman,nikhil.23csb020@example.edu,+91 90000 00050,CSE,B,Dr. Kavitha Menon,kavitha.t03@example.edu,Data Structures,CS301,60,56
23CSB020,Nikhil Raman,nikhil.23csb020@example.edu,+91 90000 00050,CSE,B,Dr. Kavitha Menon,kavitha.t03@example.edu,Database Systems,CS302,46,43
23CSB020,Nikhil Raman,nikhil.23csb020@example.edu,+91 90000 00050,CSE,B,Dr. Kavitha Menon,kavitha.t03@example.edu,Operating Systems,CS303,47,44
23CSB020,Nikhil Raman,nikhil.23csb020@example.edu,+91 90000 00050,CSE,B,Dr. Kavitha Menon,kavitha.t03@example.edu,Computer Networks,CS304,46,43
23CSB020,Nikhil Raman,nikhil.23csb020@example.edu,+91 90000 00050,CSE,B,Dr. Kavitha Menon,kavitha.t03@example.edu,Software Engineering,CS305,46,43
23CSB020,Nikhil Raman,nikhil.23csb020@example.edu,+91 90000 00050,CSE,B,Dr. Kavitha Menon,kavitha.t03@example.edu,Theory of Computation,CS306,46,43
23CSB021,Siddharth Mishra,siddharth.23csb021@example.edu,+91 90000 00051,CSE,B,Dr. Kavitha Menon,kavitha.t03@example.edu,Data Structures,CS301,60,32
23CSB021,Siddharth Mishra,siddharth.23csb021@example.edu,+91 90000 00051,CSE,B,Dr. Kavitha Menon,kavitha.t03@example.edu,Database Systems,CS302,46,24
23CSB021,Siddharth Mishra,siddharth.23csb021@example.edu,+91 90000 00051,CSE,B,Dr. Kavitha Menon,kavitha.t03@example.edu,Operating Systems,CS303,47,25
23CSB021,Siddharth Mishra,siddharth.23csb021@example.edu,+91 90000 00051,CSE,B,Dr. Kavitha Menon,kavitha.t03@example.edu,Computer Networks,CS304,46,24
23CSB021,Siddharth Mishra,siddharth.23csb021@example.edu,+91 90000 00051,CSE,B,Dr. Kavitha Menon,kavitha.t03@example.edu,Software Engineering,CS305,46,24
23CSB021,Siddharth Mishra,siddharth.23csb021@example.edu,+91 90000 00051,CSE,B,Dr. Kavitha Menon,kavitha.t03@example.edu,Theory of Computation,CS306,46,24
23CSB022,Ashwin Sharma,ashwin.23csb022@example.edu,+91 90000 00052,CSE,B,Dr. Kavitha Menon,kavitha.t03@example.edu,Data Structures,CS301,60,41
23CSB022,Ashwin Sharma,ashwin.23csb022@example.edu,+91 90000 00052,CSE,B,Dr. Kavitha Menon,kavitha.t03@example.edu,Database Systems,CS302,46,32
23CSB022,Ashwin Sharma,ashwin.23csb022@example.edu,+91 90000 00052,CSE,B,Dr. Kavitha Menon,kavitha.t03@example.edu,Operating Systems,CS303,47,32
23CSB022,Ashwin Sharma,ashwin.23csb022@example.edu,+91 90000 00052,CSE,B,Dr. Kavitha Menon,kavitha.t03@example.edu,Computer Networks,CS304,46,32
23CSB022,Ashwin Sharma,ashwin.23csb022@example.edu,+91 90000 00052,CSE,B,Dr. Kavitha Menon,kavitha.t03@example.edu,Software Engineering,CS305,46,32
23CSB022,Ashwin Sharma,ashwin.23csb022@example.edu,+91 90000 00052,CSE,B,Dr. Kavitha Menon,kavitha.t03@example.edu,Theory of Computation,CS306,46,32
23CSB023,Arjun Balaji,arjun.23csb023@example.edu,+91 90000 00053,CSE,B,Dr. Kavitha Menon,kavitha.t03@example.edu,Data Structures,CS301,60,58
23CSB023,Arjun Balaji,arjun.23csb023@example.edu,+91 90000 00053,CSE,B,Dr. Kavitha Menon,kavitha.t03@example.edu,Database Systems,CS302,46,44
23CSB023,Arjun Balaji,arjun.23csb023@example.edu,+91 90000 00053,CSE,B,Dr. Kavitha Menon,kavitha.t03@example.edu,Operating Systems,CS303,47,46
23CSB023,Arjun Balaji,arjun.23csb023@example.edu,+91 90000 00053,CSE,B,Dr. Kavitha Menon,kavitha.t03@example.edu,Computer Networks,CS304,46,45
23CSB023,Arjun Balaji,arjun.23csb023@example.edu,+91 90000 00053,CSE,B,Dr. Kavitha Menon,kavitha.t03@example.edu,Software Engineering,CS305,46,45
23CSB023,Arjun Balaji,arjun.23csb023@example.edu,+91 90000 00053,CSE,B,Dr. Kavitha Menon,kavitha.t03@example.edu,Theory of Computation,CS306,46,44
23CSB024,Aishwarya Bose,aishwarya.23csb024@example.edu,+91 90000 00054,CSE,B,Dr. Kavitha Menon,kavitha.t03@example.edu,Data Structures,CS301,60,50
23CSB024,Aishwarya Bose,aishwarya.23csb024@example.edu,+91 90000 00054,CSE,B,Dr. Kavitha Menon,kavitha.t03@example.edu,Database Systems,CS302,46,38
23CSB024,Aishwarya Bose,aishwarya.23csb024@example.edu,+91 90000 00054,CSE,B,Dr. Kavitha Menon,kavitha.t03@example.edu,Operating Systems,CS303,47,38
23CSB024,Aishwarya Bose,aishwarya.23csb024@example.edu,+91 90000 00054,CSE,B,Dr. Kavitha Menon,kavitha.t03@example.edu,Computer Networks,CS304,46,37
23CSB024,Aishwarya Bose,aishwarya.23csb024@example.edu,+91 90000 00054,CSE,B,Dr. Kavitha Menon,kavitha.t03@example.edu,Software Engineering,CS305,46,38
23CSB024,Aishwarya Bose,aishwarya.23csb024@example.edu,+91 90000 00054,CSE,B,Dr. Kavitha Menon,kavitha.t03@example.edu,Theory of Computation,CS306,46,38
23CSB025,Gokul Reddy,gokul.23csb025@example.edu,+91 90000 00055,CSE,B,Dr. Kavitha Menon,kavitha.t03@example.edu,Data Structures,CS301,60,58
23CSB025,Gokul Reddy,gokul.23csb025@example.edu,+91 90000 00055,CSE,B,Dr. Kavitha Menon,kavitha.t03@example.edu,Database Systems,CS302,46,45
23CSB025,Gokul Reddy,gokul.23csb025@example.edu,+91 90000 00055,CSE,B,Dr. Kavitha Menon,kavitha.t03@example.edu,Operating Systems,CS303,47,45
23CSB025,Gokul Reddy,gokul.23csb025@example.edu,+91 90000 00055,CSE,B,Dr. Kavitha Menon,kavitha.t03@example.edu,Computer Networks,CS304,46,44
23CSB025,Gokul Reddy,gokul.23csb025@example.edu,+91 90000 00055,CSE,B,Dr. Kavitha Menon,kavitha.t03@example.edu,Software Engineering,CS305,46,44
23CSB025,Gokul Reddy,gokul.23csb025@example.edu,+91 90000 00055,CSE,B,Dr. Kavitha Menon,kavitha.t03@example.edu,Theory of Computation,CS306,46,45
23CSB026,Akash Sharma,akash.23csb026@example.edu,+91 90000 00056,CSE,B,Dr. Kavitha Menon,kavitha.t03@example.edu,Data Structures,CS301,60,56
23CSB026,Akash Sharma,akash.23csb026@example.edu,+91 90000 00056,CSE,B,Dr. Kavitha Menon,kavitha.t03@example.edu,Database Systems,CS302,46,43
23CSB026,Akash Sharma,akash.23csb026@example.edu,+91 90000 00056,CSE,B,Dr. Kavitha Menon,kavitha.t03@example.edu,Operating Systems,CS303,47,44
23CSB026,Akash Sharma,akash.23csb026@example.edu,+91 90000 00056,CSE,B,Dr. Kavitha Menon,kavitha.t03@example.edu,Computer Networks,CS304,46,43
23CSB026,Akash Sharma,akash.23csb026@example.edu,+91 90000 00056,CSE,B,Dr. Kavitha Menon,kavitha.t03@example.edu,Software Engineering,CS305,46,42
23CSB026,Akash Sharma,akash.23csb026@example.edu,+91 90000 00056,CSE,B,Dr. Kavitha Menon,kavitha.t03@example.edu,Theory of Computation,CS306,46,43
23CSB027,Lavanya Nair,lavanya.23csb027@example.edu,+91 90000 00057,CSE,B,Dr. Kavitha Menon,kavitha.t03@example.edu,Data Structures,CS301,60,55
23CSB027,Lavanya Nair,lavanya.23csb027@example.edu,+91 90000 00057,CSE,B,Dr. Kavitha Menon,kavitha.t03@example.edu,Database Systems,CS302,46,43
23CSB027,Lavanya Nair,lavanya.23csb027@example.edu,+91 90000 00057,CSE,B,Dr. Kavitha Menon,kavitha.t03@example.edu,Operating Systems,CS303,47,43
23CSB027,Lavanya Nair,lavanya.23csb027@example.edu,+91 90000 00057,CSE,B,Dr. Kavitha Menon,kavitha.t03@example.edu,Computer Networks,CS304,46,43
23CSB027,Lavanya Nair,lavanya.23csb027@example.edu,+91 90000 00057,CSE,B,Dr. Kavitha Menon,kavitha.t03@example.edu,Software Engineering,CS305,46,43
23CSB027,Lavanya Nair,lavanya.23csb027@example.edu,+91 90000 00057,CSE,B,Dr. Kavitha Menon,kavitha.t03@example.edu,Theory of Computation,CS306,46,42
23CSB028,Arjun Sharma,arjun.23csb028@example.edu,+91 90000 00058,CSE,B,Dr. Kavitha Menon,kavitha.t03@example.edu,Data Structures,CS301,60,58
23CSB028,Arjun Sharma,arjun.23csb028@example.edu,+91 90000 00058,CSE,B,Dr. Kavitha Menon,kavitha.t03@example.edu,Database Systems,CS302,46,45
23CSB028,Arjun Sharma,arjun.23csb028@example.edu,+91 90000 00058,CSE,B,Dr. Kavitha Menon,kavitha.t03@example.edu,Operating Systems,CS303,47,45
23CSB028,Arjun Sharma,arjun.23csb028@example.edu,+91 90000 00058,CSE,B,Dr. Kavitha Menon,kavitha.t03@example.edu,Computer Networks,CS304,46,44
23CSB028,Arjun Sharma,arjun.23csb028@example.edu,+91 90000 00058,CSE,B,Dr. Kavitha Menon,kavitha.t03@example.edu,Software Engineering,CS305,46,44
23CSB028,Arjun Sharma,arjun.23csb028@example.edu,+91 90000 00058,CSE,B,Dr. Kavitha Menon,kavitha.t03@example.edu,Theory of Computation,CS306,46,44
23CSB029,Divya Das,divya.23csb029@example.edu,+91 90000 00059,CSE,B,Dr. Kavitha Menon,kavitha.t03@example.edu,Data Structures,CS301,60,58
23CSB029,Divya Das,divya.23csb029@example.edu,+91 90000 00059,CSE,B,Dr. Kavitha Menon,kavitha.t03@example.edu,Database Systems,CS302,46,44
23CSB029,Divya Das,divya.23csb029@example.edu,+91 90000 00059,CSE,B,Dr. Kavitha Menon,kavitha.t03@example.edu,Operating Systems,CS303,47,46
23CSB029,Divya Das,divya.23csb029@example.edu,+91 90000 00059,CSE,B,Dr. Kavitha Menon,kavitha.t03@example.edu,Computer Networks,CS304,46,44
23CSB029,Divya Das,divya.23csb029@example.edu,+91 90000 00059,CSE,B,Dr. Kavitha Menon,kavitha.t03@example.edu,Software Engineering,CS305,46,44
23CSB029,Divya Das,divya.23csb029@example.edu,+91 90000 00059,CSE,B,Dr. Kavitha Menon,kavitha.t03@example.edu,Theory of Computation,CS306,46,44
23CSB030,Sanjay Menon,sanjay.23csb030@example.edu,+91 90000 00060,CSE,B,Dr. Kavitha Menon,kavitha.t03@example.edu,Data Structures,CS301,60,57
23CSB030,Sanjay Menon,sanjay.23csb030@example.edu,+91 90000 00060,CSE,B,Dr. Kavitha Menon,kavitha.t03@example.edu,Database Systems,CS302,46,44
23CSB030,Sanjay Menon,sanjay.23csb030@example.edu,+91 90000 00060,CSE,B,Dr. Kavitha Menon,kavitha.t03@example.edu,Operating Systems,CS303,47,45
23CSB030,Sanjay Menon,sanjay.23csb030@example.edu,+91 90000 00060,CSE,B,Dr. Kavitha Menon,kavitha.t03@example.edu,Computer Networks,CS304,46,44
23CSB030,Sanjay Menon,sanjay.23csb030@example.edu,+91 90000 00060,CSE,B,Dr. Kavitha Menon,kavitha.t03@example.edu,Software Engineering,CS305,46,44
23CSB030,Sanjay Menon,sanjay.23csb030@example.edu,+91 90000 00060,CSE,B,Dr. Kavitha Menon,kavitha.t03@example.edu,Theory of Computation,CS306,46,44
23CVA001,Aditya Chandran,aditya.23cva001@example.edu,+91 90000 00241,Civil,A,Prof. Kalpana Chandran,kalpana.t22@example.edu,Structural Analysis,CV301,60,58
23CVA001,Aditya Chandran,aditya.23cva001@example.edu,+91 90000 00241,Civil,A,Prof. Kalpana Chandran,kalpana.t22@example.edu,Geotechnical Engineering,CV302,46,45
23CVA001,Aditya Chandran,aditya.23cva001@example.edu,+91 90000 00241,Civil,A,Prof. Kalpana Chandran,kalpana.t22@example.edu,Surveying,CV303,46,44
23CVA001,Aditya Chandran,aditya.23cva001@example.edu,+91 90000 00241,Civil,A,Prof. Kalpana Chandran,kalpana.t22@example.edu,Transportation Engineering,CV304,46,44
23CVA001,Aditya Chandran,aditya.23cva001@example.edu,+91 90000 00241,Civil,A,Prof. Kalpana Chandran,kalpana.t22@example.edu,Environmental Engineering,CV305,47,46
23CVA001,Aditya Chandran,aditya.23cva001@example.edu,+91 90000 00241,Civil,A,Prof. Kalpana Chandran,kalpana.t22@example.edu,Concrete Technology,CV306,46,45
23CVA002,Siddharth Reddy,siddharth.23cva002@example.edu,+91 90000 00242,Civil,A,Prof. Kalpana Chandran,kalpana.t22@example.edu,Structural Analysis,CV301,60,45
23CVA002,Siddharth Reddy,siddharth.23cva002@example.edu,+91 90000 00242,Civil,A,Prof. Kalpana Chandran,kalpana.t22@example.edu,Geotechnical Engineering,CV302,46,34
23CVA002,Siddharth Reddy,siddharth.23cva002@example.edu,+91 90000 00242,Civil,A,Prof. Kalpana Chandran,kalpana.t22@example.edu,Surveying,CV303,46,34
23CVA002,Siddharth Reddy,siddharth.23cva002@example.edu,+91 90000 00242,Civil,A,Prof. Kalpana Chandran,kalpana.t22@example.edu,Transportation Engineering,CV304,46,34
23CVA002,Siddharth Reddy,siddharth.23cva002@example.edu,+91 90000 00242,Civil,A,Prof. Kalpana Chandran,kalpana.t22@example.edu,Environmental Engineering,CV305,47,35
23CVA002,Siddharth Reddy,siddharth.23cva002@example.edu,+91 90000 00242,Civil,A,Prof. Kalpana Chandran,kalpana.t22@example.edu,Concrete Technology,CV306,46,34
23CVA003,Ashwin Iyer,ashwin.23cva003@example.edu,+91 90000 00243,Civil,A,Prof. Kalpana Chandran,kalpana.t22@example.edu,Structural Analysis,CV301,60,59
23CVA003,Ashwin Iyer,ashwin.23cva003@example.edu,+91 90000 00243,Civil,A,Prof. Kalpana Chandran,kalpana.t22@example.edu,Geotechnical Engineering,CV302,46,46
23CVA003,Ashwin Iyer,ashwin.23cva003@example.edu,+91 90000 00243,Civil,A,Prof. Kalpana Chandran,kalpana.t22@example.edu,Surveying,CV303,46,45
23CVA003,Ashwin Iyer,ashwin.23cva003@example.edu,+91 90000 00243,Civil,A,Prof. Kalpana Chandran,kalpana.t22@example.edu,Transportation Engineering,CV304,46,46
23CVA003,Ashwin Iyer,ashwin.23cva003@example.edu,+91 90000 00243,Civil,A,Prof. Kalpana Chandran,kalpana.t22@example.edu,Environmental Engineering,CV305,47,47
23CVA003,Ashwin Iyer,ashwin.23cva003@example.edu,+91 90000 00243,Civil,A,Prof. Kalpana Chandran,kalpana.t22@example.edu,Concrete Technology,CV306,46,45
23CVA004,Swathi Das,swathi.23cva004@example.edu,+91 90000 00244,Civil,A,Prof. Kalpana Chandran,kalpana.t22@example.edu,Structural Analysis,CV301,60,58
23CVA004,Swathi Das,swathi.23cva004@example.edu,+91 90000 00244,Civil,A,Prof. Kalpana Chandran,kalpana.t22@example.edu,Geotechnical Engineering,CV302,46,44
23CVA004,Swathi Das,swathi.23cva004@example.edu,+91 90000 00244,Civil,A,Prof. Kalpana Chandran,kalpana.t22@example.edu,Surveying,CV303,46,44
23CVA004,Swathi Das,swathi.23cva004@example.edu,+91 90000 00244,Civil,A,Prof. Kalpana Chandran,kalpana.t22@example.edu,Transportation Engineering,CV304,46,44
23CVA004,Swathi Das,swathi.23cva004@example.edu,+91 90000 00244,Civil,A,Prof. Kalpana Chandran,kalpana.t22@example.edu,Environmental Engineering,CV305,47,45
23CVA004,Swathi Das,swathi.23cva004@example.edu,+91 90000 00244,Civil,A,Prof. Kalpana Chandran,kalpana.t22@example.edu,Concrete Technology,CV306,46,44
23CVA005,Naveen Pillai,naveen.23cva005@example.edu,+91 90000 00245,Civil,A,Prof. Kalpana Chandran,kalpana.t22@example.edu,Structural Analysis,CV301,60,56
23CVA005,Naveen Pillai,naveen.23cva005@example.edu,+91 90000 00245,Civil,A,Prof. Kalpana Chandran,kalpana.t22@example.edu,Geotechnical Engineering,CV302,46,43
23CVA005,Naveen Pillai,naveen.23cva005@example.edu,+91 90000 00245,Civil,A,Prof. Kalpana Chandran,kalpana.t22@example.edu,Surveying,CV303,46,42
23CVA005,Naveen Pillai,naveen.23cva005@example.edu,+91 90000 00245,Civil,A,Prof. Kalpana Chandran,kalpana.t22@example.edu,Transportation Engineering,CV304,46,43
23CVA005,Naveen Pillai,naveen.23cva005@example.edu,+91 90000 00245,Civil,A,Prof. Kalpana Chandran,kalpana.t22@example.edu,Environmental Engineering,CV305,47,44
23CVA005,Naveen Pillai,naveen.23cva005@example.edu,+91 90000 00245,Civil,A,Prof. Kalpana Chandran,kalpana.t22@example.edu,Concrete Technology,CV306,46,42
23CVA006,Aarav Subramanian,aarav.23cva006@example.edu,+91 90000 00246,Civil,A,Prof. Kalpana Chandran,kalpana.t22@example.edu,Structural Analysis,CV301,60,55
23CVA006,Aarav Subramanian,aarav.23cva006@example.edu,+91 90000 00246,Civil,A,Prof. Kalpana Chandran,kalpana.t22@example.edu,Geotechnical Engineering,CV302,46,43
23CVA006,Aarav Subramanian,aarav.23cva006@example.edu,+91 90000 00246,Civil,A,Prof. Kalpana Chandran,kalpana.t22@example.edu,Surveying,CV303,46,43
23CVA006,Aarav Subramanian,aarav.23cva006@example.edu,+91 90000 00246,Civil,A,Prof. Kalpana Chandran,kalpana.t22@example.edu,Transportation Engineering,CV304,46,43
23CVA006,Aarav Subramanian,aarav.23cva006@example.edu,+91 90000 00246,Civil,A,Prof. Kalpana Chandran,kalpana.t22@example.edu,Environmental Engineering,CV305,47,43
23CVA006,Aarav Subramanian,aarav.23cva006@example.edu,+91 90000 00246,Civil,A,Prof. Kalpana Chandran,kalpana.t22@example.edu,Concrete Technology,CV306,46,43
23CVA007,Sneha Menon,sneha.23cva007@example.edu,+91 90000 00247,Civil,A,Prof. Kalpana Chandran,kalpana.t22@example.edu,Structural Analysis,CV301,60,57
23CVA007,Sneha Menon,sneha.23cva007@example.edu,+91 90000 00247,Civil,A,Prof. Kalpana Chandran,kalpana.t22@example.edu,Geotechnical Engineering,CV302,46,43
23CVA007,Sneha Menon,sneha.23cva007@example.edu,+91 90000 00247,Civil,A,Prof. Kalpana Chandran,kalpana.t22@example.edu,Surveying,CV303,46,44
23CVA007,Sneha Menon,sneha.23cva007@example.edu,+91 90000 00247,Civil,A,Prof. Kalpana Chandran,kalpana.t22@example.edu,Transportation Engineering,CV304,46,44
23CVA007,Sneha Menon,sneha.23cva007@example.edu,+91 90000 00247,Civil,A,Prof. Kalpana Chandran,kalpana.t22@example.edu,Environmental Engineering,CV305,47,45
23CVA007,Sneha Menon,sneha.23cva007@example.edu,+91 90000 00247,Civil,A,Prof. Kalpana Chandran,kalpana.t22@example.edu,Concrete Technology,CV306,46,43
23CVA008,Sanjay Kumar,sanjay.23cva008@example.edu,+91 90000 00248,Civil,A,Prof. Kalpana Chandran,kalpana.t22@example.edu,Structural Analysis,CV301,60,54
23CVA008,Sanjay Kumar,sanjay.23cva008@example.edu,+91 90000 00248,Civil,A,Prof. Kalpana Chandran,kalpana.t22@example.edu,Geotechnical Engineering,CV302,46,42
23CVA008,Sanjay Kumar,sanjay.23cva008@example.edu,+91 90000 00248,Civil,A,Prof. Kalpana Chandran,kalpana.t22@example.edu,Surveying,CV303,46,42
23CVA008,Sanjay Kumar,sanjay.23cva008@example.edu,+91 90000 00248,Civil,A,Prof. Kalpana Chandran,kalpana.t22@example.edu,Transportation Engineering,CV304,46,41
23CVA008,Sanjay Kumar,sanjay.23cva008@example.edu,+91 90000 00248,Civil,A,Prof. Kalpana Chandran,kalpana.t22@example.edu,Environmental Engineering,CV305,47,43
23CVA008,Sanjay Kumar,sanjay.23cva008@example.edu,+91 90000 00248,Civil,A,Prof. Kalpana Chandran,kalpana.t22@example.edu,Concrete Technology,CV306,46,42
23CVA009,Harish Venkatesh,harish.23cva009@example.edu,+91 90000 00249,Civil,A,Prof. Kalpana Chandran,kalpana.t22@example.edu,Structural Analysis,CV301,60,52
23CVA009,Harish Venkatesh,harish.23cva009@example.edu,+91 90000 00249,Civil,A,Prof. Kalpana Chandran,kalpana.t22@example.edu,Geotechnical Engineering,CV302,46,39
23CVA009,Harish Venkatesh,harish.23cva009@example.edu,+91 90000 00249,Civil,A,Prof. Kalpana Chandran,kalpana.t22@example.edu,Surveying,CV303,46,39
23CVA009,Harish Venkatesh,harish.23cva009@example.edu,+91 90000 00249,Civil,A,Prof. Kalpana Chandran,kalpana.t22@example.edu,Transportation Engineering,CV304,46,40
23CVA009,Harish Venkatesh,harish.23cva009@example.edu,+91 90000 00249,Civil,A,Prof. Kalpana Chandran,kalpana.t22@example.edu,Environmental Engineering,CV305,47,40
23CVA009,Harish Venkatesh,harish.23cva009@example.edu,+91 90000 00249,Civil,A,Prof. Kalpana Chandran,kalpana.t22@example.edu,Concrete Technology,CV306,46,40
23CVA010,Ishita Venkatesh,ishita.23cva010@example.edu,+91 90000 00250,Civil,A,Prof. Kalpana Chandran,kalpana.t22@example.edu,Structural Analysis,CV301,60,58
23CVA010,Ishita Venkatesh,ishita.23cva010@example.edu,+91 90000 00250,Civil,A,Prof. Kalpana Chandran,kalpana.t22@example.edu,Geotechnical Engineering,CV302,46,44
23CVA010,Ishita Venkatesh,ishita.23cva010@example.edu,+91 90000 00250,Civil,A,Prof. Kalpana Chandran,kalpana.t22@example.edu,Surveying,CV303,46,44
23CVA010,Ishita Venkatesh,ishita.23cva010@example.edu,+91 90000 00250,Civil,A,Prof. Kalpana Chandran,kalpana.t22@example.edu,Transportation Engineering,CV304,46,44
23CVA010,Ishita Venkatesh,ishita.23cva010@example.edu,+91 90000 00250,Civil,A,Prof. Kalpana Chandran,kalpana.t22@example.edu,Environmental Engineering,CV305,47,45
23CVA010,Ishita Venkatesh,ishita.23cva010@example.edu,+91 90000 00250,Civil,A,Prof. Kalpana Chandran,kalpana.t22@example.edu,Concrete Technology,CV306,46,44
23CVA011,Varun Pillai,varun.23cva011@example.edu,+91 90000 00251,Civil,A,Prof. Kalpana Chandran,kalpana.t22@example.edu,Structural Analysis,CV301,60,55
23CVA011,Varun Pillai,varun.23cva011@example.edu,+91 90000 00251,Civil,A,Prof. Kalpana Chandran,kalpana.t22@example.edu,Geotechnical Engineering,CV302,46,43
23CVA011,Varun Pillai,varun.23cva011@example.edu,+91 90000 00251,Civil,A,Prof. Kalpana Chandran,kalpana.t22@example.edu,Surveying,CV303,46,43
23CVA011,Varun Pillai,varun.23cva011@example.edu,+91 90000 00251,Civil,A,Prof. Kalpana Chandran,kalpana.t22@example.edu,Transportation Engineering,CV304,46,43
23CVA011,Varun Pillai,varun.23cva011@example.edu,+91 90000 00251,Civil,A,Prof. Kalpana Chandran,kalpana.t22@example.edu,Environmental Engineering,CV305,47,43
23CVA011,Varun Pillai,varun.23cva011@example.edu,+91 90000 00251,Civil,A,Prof. Kalpana Chandran,kalpana.t22@example.edu,Concrete Technology,CV306,46,42
23CVA012,Manoj Menon,manoj.23cva012@example.edu,+91 90000 00252,Civil,A,Prof. Kalpana Chandran,kalpana.t22@example.edu,Structural Analysis,CV301,60,52
23CVA012,Manoj Menon,manoj.23cva012@example.edu,+91 90000 00252,Civil,A,Prof. Kalpana Chandran,kalpana.t22@example.edu,Geotechnical Engineering,CV302,46,39
23CVA012,Manoj Menon,manoj.23cva012@example.edu,+91 90000 00252,Civil,A,Prof. Kalpana Chandran,kalpana.t22@example.edu,Surveying,CV303,46,40
23CVA012,Manoj Menon,manoj.23cva012@example.edu,+91 90000 00252,Civil,A,Prof. Kalpana Chandran,kalpana.t22@example.edu,Transportation Engineering,CV304,46,39
23CVA012,Manoj Menon,manoj.23cva012@example.edu,+91 90000 00252,Civil,A,Prof. Kalpana Chandran,kalpana.t22@example.edu,Environmental Engineering,CV305,47,40
23CVA012,Manoj Menon,manoj.23cva012@example.edu,+91 90000 00252,Civil,A,Prof. Kalpana Chandran,kalpana.t22@example.edu,Concrete Technology,CV306,46,39
23CVA013,Harini Menon,harini.23cva013@example.edu,+91 90000 00253,Civil,A,Prof. Kalpana Chandran,kalpana.t22@example.edu,Structural Analysis,CV301,60,58
23CVA013,Harini Menon,harini.23cva013@example.edu,+91 90000 00253,Civil,A,Prof. Kalpana Chandran,kalpana.t22@example.edu,Geotechnical Engineering,CV302,46,44
23CVA013,Harini Menon,harini.23cva013@example.edu,+91 90000 00253,Civil,A,Prof. Kalpana Chandran,kalpana.t22@example.edu,Surveying,CV303,46,45
23CVA013,Harini Menon,harini.23cva013@example.edu,+91 90000 00253,Civil,A,Prof. Kalpana Chandran,kalpana.t22@example.edu,Transportation Engineering,CV304,46,45
23CVA013,Harini Menon,harini.23cva013@example.edu,+91 90000 00253,Civil,A,Prof. Kalpana Chandran,kalpana.t22@example.edu,Environmental Engineering,CV305,47,46
23CVA013,Harini Menon,harini.23cva013@example.edu,+91 90000 00253,Civil,A,Prof. Kalpana Chandran,kalpana.t22@example.edu,Concrete Technology,CV306,46,44
23CVA014,Surya Venkatesh,surya.23cva014@example.edu,+91 90000 00254,Civil,A,Prof. Kalpana Chandran,kalpana.t22@example.edu,Structural Analysis,CV301,60,57
23CVA014,Surya Venkatesh,surya.23cva014@example.edu,+91 90000 00254,Civil,A,Prof. Kalpana Chandran,kalpana.t22@example.edu,Geotechnical Engineering,CV302,46,44
23CVA014,Surya Venkatesh,surya.23cva014@example.edu,+91 90000 00254,Civil,A,Prof. Kalpana Chandran,kalpana.t22@example.edu,Surveying,CV303,46,44
23CVA014,Surya Venkatesh,surya.23cva014@example.edu,+91 90000 00254,Civil,A,Prof. Kalpana Chandran,kalpana.t22@example.edu,Transportation Engineering,CV304,46,43
23CVA014,Surya Venkatesh,surya.23cva014@example.edu,+91 90000 00254,Civil,A,Prof. Kalpana Chandran,kalpana.t22@example.edu,Environmental Engineering,CV305,47,45
23CVA014,Surya Venkatesh,surya.23cva014@example.edu,+91 90000 00254,Civil,A,Prof. Kalpana Chandran,kalpana.t22@example.edu,Concrete Technology,CV306,46,43
23CVA015,Swathi Kumar,swathi.23cva015@example.edu,+91 90000 00255,Civil,A,Prof. Kalpana Chandran,kalpana.t22@example.edu,Structural Analysis,CV301,60,43
23CVA015,Swathi Kumar,swathi.23cva015@example.edu,+91 90000 00255,Civil,A,Prof. Kalpana Chandran,kalpana.t22@example.edu,Geotechnical Engineering,CV302,46,34
23CVA015,Swathi Kumar,swathi.23cva015@example.edu,+91 90000 00255,Civil,A,Prof. Kalpana Chandran,kalpana.t22@example.edu,Surveying,CV303,46,34
23CVA015,Swathi Kumar,swathi.23cva015@example.edu,+91 90000 00255,Civil,A,Prof. Kalpana Chandran,kalpana.t22@example.edu,Transportation Engineering,CV304,46,33
23CVA015,Swathi Kumar,swathi.23cva015@example.edu,+91 90000 00255,Civil,A,Prof. Kalpana Chandran,kalpana.t22@example.edu,Environmental Engineering,CV305,47,34
23CVA015,Swathi Kumar,swathi.23cva015@example.edu,+91 90000 00255,Civil,A,Prof. Kalpana Chandran,kalpana.t22@example.edu,Concrete Technology,CV306,46,33
23CVA016,Janani Joshi,janani.23cva016@example.edu,+91 90000 00256,Civil,A,Prof. Kalpana Chandran,kalpana.t22@example.edu,Structural Analysis,CV301,60,32
23CVA016,Janani Joshi,janani.23cva016@example.edu,+91 90000 00256,Civil,A,Prof. Kalpana Chandran,kalpana.t22@example.edu,Geotechnical Engineering,CV302,46,25
23CVA016,Janani Joshi,janani.23cva016@example.edu,+91 90000 00256,Civil,A,Prof. Kalpana Chandran,kalpana.t22@example.edu,Surveying,CV303,46,24
23CVA016,Janani Joshi,janani.23cva016@example.edu,+91 90000 00256,Civil,A,Prof. Kalpana Chandran,kalpana.t22@example.edu,Transportation Engineering,CV304,46,25
23CVA016,Janani Joshi,janani.23cva016@example.edu,+91 90000 00256,Civil,A,Prof. Kalpana Chandran,kalpana.t22@example.edu,Environmental Engineering,CV305,47,25
23CVA016,Janani Joshi,janani.23cva016@example.edu,+91 90000 00256,Civil,A,Prof. Kalpana Chandran,kalpana.t22@example.edu,Concrete Technology,CV306,46,25
23CVA017,Karthik Subramanian,karthik.23cva017@example.edu,+91 90000 00257,Civil,A,Prof. Kalpana Chandran,kalpana.t22@example.edu,Structural Analysis,CV301,60,58
23CVA017,Karthik Subramanian,karthik.23cva017@example.edu,+91 90000 00257,Civil,A,Prof. Kalpana Chandran,kalpana.t22@example.edu,Geotechnical Engineering,CV302,46,44
23CVA017,Karthik Subramanian,karthik.23cva017@example.edu,+91 90000 00257,Civil,A,Prof. Kalpana Chandran,kalpana.t22@example.edu,Surveying,CV303,46,44
23CVA017,Karthik Subramanian,karthik.23cva017@example.edu,+91 90000 00257,Civil,A,Prof. Kalpana Chandran,kalpana.t22@example.edu,Transportation Engineering,CV304,46,45
23CVA017,Karthik Subramanian,karthik.23cva017@example.edu,+91 90000 00257,Civil,A,Prof. Kalpana Chandran,kalpana.t22@example.edu,Environmental Engineering,CV305,47,45
23CVA017,Karthik Subramanian,karthik.23cva017@example.edu,+91 90000 00257,Civil,A,Prof. Kalpana Chandran,kalpana.t22@example.edu,Concrete Technology,CV306,46,44
23CVA018,Sanjay Gupta,sanjay.23cva018@example.edu,+91 90000 00258,Civil,A,Prof. Kalpana Chandran,kalpana.t22@example.edu,Structural Analysis,CV301,60,58
23CVA018,Sanjay Gupta,sanjay.23cva018@example.edu,+91 90000 00258,Civil,A,Prof. Kalpana Chandran,kalpana.t22@example.edu,Geotechnical Engineering,CV302,46,44
23CVA018,Sanjay Gupta,sanjay.23cva018@example.edu,+91 90000 00258,Civil,A,Prof. Kalpana Chandran,kalpana.t22@example.edu,Surveying,CV303,46,44
23CVA018,Sanjay Gupta,sanjay.23cva018@example.edu,+91 90000 00258,Civil,A,Prof. Kalpana Chandran,kalpana.t22@example.edu,Transportation Engineering,CV304,46,45
23CVA018,Sanjay Gupta,sanjay.23cva018@example.edu,+91 90000 00258,Civil,A,Prof. Kalpana Chandran,kalpana.t22@example.edu,Environmental Engineering,CV305,47,46
23CVA018,Sanjay Gupta,sanjay.23cva018@example.edu,+91 90000 00258,Civil,A,Prof. Kalpana Chandran,kalpana.t22@example.edu,Concrete Technology,CV306,46,45
23CVA019,Shreya Krishnan,shreya.23cva019@example.edu,+91 90000 00259,Civil,A,Prof. Kalpana Chandran,kalpana.t22@example.edu,Structural Analysis,CV301,60,55
23CVA019,Shreya Krishnan,shreya.23cva019@example.edu,+91 90000 00259,Civil,A,Prof. Kalpana Chandran,kalpana.t22@example.edu,Geotechnical Engineering,CV302,46,43
23CVA019,Shreya Krishnan,shreya.23cva019@example.edu,+91 90000 00259,Civil,A,Prof. Kalpana Chandran,kalpana.t22@example.edu,Surveying,CV303,46,43
23CVA019,Shreya Krishnan,shreya.23cva019@example.edu,+91 90000 00259,Civil,A,Prof. Kalpana Chandran,kalpana.t22@example.edu,Transportation Engineering,CV304,46,43
23CVA019,Shreya Krishnan,shreya.23cva019@example.edu,+91 90000 00259,Civil,A,Prof. Kalpana Chandran,kalpana.t22@example.edu,Environmental Engineering,CV305,47,44
23CVA019,Shreya Krishnan,shreya.23cva019@example.edu,+91 90000 00259,Civil,A,Prof. Kalpana Chandran,kalpana.t22@example.edu,Concrete Technology,CV306,46,43
23CVA020,Manoj Raman,manoj.23cva020@example.edu,+91 90000 00260,Civil,A,Prof. Kalpana Chandran,kalpana.t22@example.edu,Structural Analysis,CV301,60,57
23CVA020,Manoj Raman,manoj.23cva020@example.edu,+91 90000 00260,Civil,A,Prof. Kalpana Chandran,kalpana.t22@example.edu,Geotechnical Engineering,CV302,46,44
23CVA020,Manoj Raman,manoj.23cva020@example.edu,+91 90000 00260,Civil,A,Prof. Kalpana Chandran,kalpana.t22@example.edu,Surveying,CV303,46,44
23CVA020,Manoj Raman,manoj.23cva020@example.edu,+91 90000 00260,Civil,A,Prof. Kalpana Chandran,kalpana.t22@example.edu,Transportation Engineering,CV304,46,44
23CVA020,Manoj Raman,manoj.23cva020@example.edu,+91 90000 00260,Civil,A,Prof. Kalpana Chandran,kalpana.t22@example.edu,Environmental Engineering,CV305,47,45
23CVA020,Manoj Raman,manoj.23cva020@example.edu,+91 90000 00260,Civil,A,Prof. Kalpana Chandran,kalpana.t22@example.edu,Concrete Technology,CV306,46,44
23CVA021,Meera Pillai,meera.23cva021@example.edu,+91 90000 00261,Civil,A,Prof. Kalpana Chandran,kalpana.t22@example.edu,Structural Analysis,CV301,60,55
23CVA021,Meera Pillai,meera.23cva021@example.edu,+91 90000 00261,Civil,A,Prof. Kalpana Chandran,kalpana.t22@example.edu,Geotechnical Engineering,CV302,46,42
23CVA021,Meera Pillai,meera.23cva021@example.edu,+91 90000 00261,Civil,A,Prof. Kalpana Chandran,kalpana.t22@example.edu,Surveying,CV303,46,42
23CVA021,Meera Pillai,meera.23cva021@example.edu,+91 90000 00261,Civil,A,Prof. Kalpana Chandran,kalpana.t22@example.edu,Transportation Engineering,CV304,46,42
23CVA021,Meera Pillai,meera.23cva021@example.edu,+91 90000 00261,Civil,A,Prof. Kalpana Chandran,kalpana.t22@example.edu,Environmental Engineering,CV305,47,43
23CVA021,Meera Pillai,meera.23cva021@example.edu,+91 90000 00261,Civil,A,Prof. Kalpana Chandran,kalpana.t22@example.edu,Concrete Technology,CV306,46,42
23CVA022,Ishita Rao,ishita.23cva022@example.edu,+91 90000 00262,Civil,A,Prof. Kalpana Chandran,kalpana.t22@example.edu,Structural Analysis,CV301,60,58
23CVA022,Ishita Rao,ishita.23cva022@example.edu,+91 90000 00262,Civil,A,Prof. Kalpana Chandran,kalpana.t22@example.edu,Geotechnical Engineering,CV302,46,44
23CVA022,Ishita Rao,ishita.23cva022@example.edu,+91 90000 00262,Civil,A,Prof. Kalpana Chandran,kalpana.t22@example.edu,Surveying,CV303,46,44
23CVA022,Ishita Rao,ishita.23cva022@example.edu,+91 90000 00262,Civil,A,Prof. Kalpana Chandran,kalpana.t22@example.edu,Transportation Engineering,CV304,46,44
23CVA022,Ishita Rao,ishita.23cva022@example.edu,+91 90000 00262,Civil,A,Prof. Kalpana Chandran,kalpana.t22@example.edu,Environmental Engineering,CV305,47,45
23CVA022,Ishita Rao,ishita.23cva022@example.edu,+91 90000 00262,Civil,A,Prof. Kalpana Chandran,kalpana.t22@example.edu,Concrete Technology,CV306,46,44
23CVA023,Nikhil Joshi,nikhil.23cva023@example.edu,+91 90000 00263,Civil,A,Prof. Kalpana Chandran,kalpana.t22@example.edu,Structural Analysis,CV301,60,55
23CVA023,Nikhil Joshi,nikhil.23cva023@example.edu,+91 90000 00263,Civil,A,Prof. Kalpana Chandran,kalpana.t22@example.edu,Geotechnical Engineering,CV302,46,42
23CVA023,Nikhil Joshi,nikhil.23cva023@example.edu,+91 90000 00263,Civil,A,Prof. Kalpana Chandran,kalpana.t22@example.edu,Surveying,CV303,46,42
23CVA023,Nikhil Joshi,nikhil.23cva023@example.edu,+91 90000 00263,Civil,A,Prof. Kalpana Chandran,kalpana.t22@example.edu,Transportation Engineering,CV304,46,42
23CVA023,Nikhil Joshi,nikhil.23cva023@example.edu,+91 90000 00263,Civil,A,Prof. Kalpana Chandran,kalpana.t22@example.edu,Environmental Engineering,CV305,47,43
23CVA023,Nikhil Joshi,nikhil.23cva023@example.edu,+91 90000 00263,Civil,A,Prof. Kalpana Chandran,kalpana.t22@example.edu,Concrete Technology,CV306,46,42
23CVA024,Shreya Chandran,shreya.23cva024@example.edu,+91 90000 00264,Civil,A,Prof. Kalpana Chandran,kalpana.t22@example.edu,Structural Analysis,CV301,60,55
23CVA024,Shreya Chandran,shreya.23cva024@example.edu,+91 90000 00264,Civil,A,Prof. Kalpana Chandran,kalpana.t22@example.edu,Geotechnical Engineering,CV302,46,42
23CVA024,Shreya Chandran,shreya.23cva024@example.edu,+91 90000 00264,Civil,A,Prof. Kalpana Chandran,kalpana.t22@example.edu,Surveying,CV303,46,43
23CVA024,Shreya Chandran,shreya.23cva024@example.edu,+91 90000 00264,Civil,A,Prof. Kalpana Chandran,kalpana.t22@example.edu,Transportation Engineering,CV304,46,42
23CVA024,Shreya Chandran,shreya.23cva024@example.edu,+91 90000 00264,Civil,A,Prof. Kalpana Chandran,kalpana.t22@example.edu,Environmental Engineering,CV305,47,43
23CVA024,Shreya Chandran,shreya.23cva024@example.edu,+91 90000 00264,Civil,A,Prof. Kalpana Chandran,kalpana.t22@example.edu,Concrete Technology,CV306,46,42
23CVA025,Siddharth Mishra,siddharth.23cva025@example.edu,+91 90000 00265,Civil,A,Prof. Kalpana Chandran,kalpana.t22@example.edu,Structural Analysis,CV301,60,58
23CVA025,Siddharth Mishra,siddharth.23cva025@example.edu,+91 90000 00265,Civil,A,Prof. Kalpana Chandran,kalpana.t22@example.edu,Geotechnical Engineering,CV302,46,45
23CVA025,Siddharth Mishra,siddharth.23cva025@example.edu,+91 90000 00265,Civil,A,Prof. Kalpana Chandran,kalpana.t22@example.edu,Surveying,CV303,46,44
23CVA025,Siddharth Mishra,siddharth.23cva025@example.edu,+91 90000 00265,Civil,A,Prof. Kalpana Chandran,kalpana.t22@example.edu,Transportation Engineering,CV304,46,44
23CVA025,Siddharth Mishra,siddharth.23cva025@example.edu,+91 90000 00265,Civil,A,Prof. Kalpana Chandran,kalpana.t22@example.edu,Environmental Engineering,CV305,47,46
23CVA025,Siddharth Mishra,siddharth.23cva025@example.edu,+91 90000 00265,Civil,A,Prof. Kalpana Chandran,kalpana.t22@example.edu,Concrete Technology,CV306,46,45
23CVA026,Diya Kumar,diya.23cva026@example.edu,+91 90000 00266,Civil,A,Prof. Kalpana Chandran,kalpana.t22@example.edu,Structural Analysis,CV301,60,59
23CVA026,Diya Kumar,diya.23cva026@example.edu,+91 90000 00266,Civil,A,Prof. Kalpana Chandran,kalpana.t22@example.edu,Geotechnical Engineering,CV302,46,45
23CVA026,Diya Kumar,diya.23cva026@example.edu,+91 90000 00266,Civil,A,Prof. Kalpana Chandran,kalpana.t22@example.edu,Surveying,CV303,46,45
23CVA026,Diya Kumar,diya.23cva026@example.edu,+91 90000 00266,Civil,A,Prof. Kalpana Chandran,kalpana.t22@example.edu,Transportation Engineering,CV304,46,46
23CVA026,Diya Kumar,diya.23cva026@example.edu,+91 90000 00266,Civil,A,Prof. Kalpana Chandran,kalpana.t22@example.edu,Environmental Engineering,CV305,47,47
23CVA026,Diya Kumar,diya.23cva026@example.edu,+91 90000 00266,Civil,A,Prof. Kalpana Chandran,kalpana.t22@example.edu,Concrete Technology,CV306,46,46
23CVA027,Sneha Subramanian,sneha.23cva027@example.edu,+91 90000 00267,Civil,A,Prof. Kalpana Chandran,kalpana.t22@example.edu,Structural Analysis,CV301,60,41
23CVA027,Sneha Subramanian,sneha.23cva027@example.edu,+91 90000 00267,Civil,A,Prof. Kalpana Chandran,kalpana.t22@example.edu,Geotechnical Engineering,CV302,46,31
23CVA027,Sneha Subramanian,sneha.23cva027@example.edu,+91 90000 00267,Civil,A,Prof. Kalpana Chandran,kalpana.t22@example.edu,Surveying,CV303,46,32
23CVA027,Sneha Subramanian,sneha.23cva027@example.edu,+91 90000 00267,Civil,A,Prof. Kalpana Chandran,kalpana.t22@example.edu,Transportation Engineering,CV304,46,31
23CVA027,Sneha Subramanian,sneha.23cva027@example.edu,+91 90000 00267,Civil,A,Prof. Kalpana Chandran,kalpana.t22@example.edu,Environmental Engineering,CV305,47,33
23CVA027,Sneha Subramanian,sneha.23cva027@example.edu,+91 90000 00267,Civil,A,Prof. Kalpana Chandran,kalpana.t22@example.edu,Concrete Technology,CV306,46,31
23CVA028,Aarav Reddy,aarav.23cva028@example.edu,+91 90000 00268,Civil,A,Prof. Kalpana Chandran,kalpana.t22@example.edu,Structural Analysis,CV301,60,51
23CVA028,Aarav Reddy,aarav.23cva028@example.edu,+91 90000 00268,Civil,A,Prof. Kalpana Chandran,kalpana.t22@example.edu,Geotechnical Engineering,CV302,46,39
23CVA028,Aarav Reddy,aarav.23cva028@example.edu,+91 90000 00268,Civil,A,Prof. Kalpana Chandran,kalpana.t22@example.edu,Surveying,CV303,46,40
23CVA028,Aarav Reddy,aarav.23cva028@example.edu,+91 90000 00268,Civil,A,Prof. Kalpana Chandran,kalpana.t22@example.edu,Transportation Engineering,CV304,46,39
23CVA028,Aarav Reddy,aarav.23cva028@example.edu,+91 90000 00268,Civil,A,Prof. Kalpana Chandran,kalpana.t22@example.edu,Environmental Engineering,CV305,47,40
23CVA028,Aarav Reddy,aarav.23cva028@example.edu,+91 90000 00268,Civil,A,Prof. Kalpana Chandran,kalpana.t22@example.edu,Concrete Technology,CV306,46,40
23CVA029,Revathi Kumar,revathi.23cva029@example.edu,+91 90000 00269,Civil,A,Prof. Kalpana Chandran,kalpana.t22@example.edu,Structural Analysis,CV301,60,55
23CVA029,Revathi Kumar,revathi.23cva029@example.edu,+91 90000 00269,Civil,A,Prof. Kalpana Chandran,kalpana.t22@example.edu,Geotechnical Engineering,CV302,46,41
23CVA029,Revathi Kumar,revathi.23cva029@example.edu,+91 90000 00269,Civil,A,Prof. Kalpana Chandran,kalpana.t22@example.edu,Surveying,CV303,46,42
23CVA029,Revathi Kumar,revathi.23cva029@example.edu,+91 90000 00269,Civil,A,Prof. Kalpana Chandran,kalpana.t22@example.edu,Transportation Engineering,CV304,46,42
23CVA029,Revathi Kumar,revathi.23cva029@example.edu,+91 90000 00269,Civil,A,Prof. Kalpana Chandran,kalpana.t22@example.edu,Environmental Engineering,CV305,47,42
23CVA029,Revathi Kumar,revathi.23cva029@example.edu,+91 90000 00269,Civil,A,Prof. Kalpana Chandran,kalpana.t22@example.edu,Concrete Technology,CV306,46,42
23CVA030,Janani Nair,janani.23cva030@example.edu,+91 90000 00270,Civil,A,Prof. Kalpana Chandran,kalpana.t22@example.edu,Structural Analysis,CV301,60,59
23CVA030,Janani Nair,janani.23cva030@example.edu,+91 90000 00270,Civil,A,Prof. Kalpana Chandran,kalpana.t22@example.edu,Geotechnical Engineering,CV302,46,45
23CVA030,Janani Nair,janani.23cva030@example.edu,+91 90000 00270,Civil,A,Prof. Kalpana Chandran,kalpana.t22@example.edu,Surveying,CV303,46,45
23CVA030,Janani Nair,janani.23cva030@example.edu,+91 90000 00270,Civil,A,Prof. Kalpana Chandran,kalpana.t22@example.edu,Transportation Engineering,CV304,46,45
23CVA030,Janani Nair,janani.23cva030@example.edu,+91 90000 00270,Civil,A,Prof. Kalpana Chandran,kalpana.t22@example.edu,Environmental Engineering,CV305,47,46
23CVA030,Janani Nair,janani.23cva030@example.edu,+91 90000 00270,Civil,A,Prof. Kalpana Chandran,kalpana.t22@example.edu,Concrete Technology,CV306,46,45
23CVB001,Naveen Raman,naveen.23cvb001@example.edu,+91 90000 00271,Civil,B,Dr. Senthil Das,senthil.t23@example.edu,Structural Analysis,CV301,60,60
23CVB001,Naveen Raman,naveen.23cvb001@example.edu,+91 90000 00271,Civil,B,Dr. Senthil Das,senthil.t23@example.edu,Geotechnical Engineering,CV302,46,45
23CVB001,Naveen Raman,naveen.23cvb001@example.edu,+91 90000 00271,Civil,B,Dr. Senthil Das,senthil.t23@example.edu,Surveying,CV303,47,46
23CVB001,Naveen Raman,naveen.23cvb001@example.edu,+91 90000 00271,Civil,B,Dr. Senthil Das,senthil.t23@example.edu,Transportation Engineering,CV304,46,46
23CVB001,Naveen Raman,naveen.23cvb001@example.edu,+91 90000 00271,Civil,B,Dr. Senthil Das,senthil.t23@example.edu,Environmental Engineering,CV305,46,45
23CVB001,Naveen Raman,naveen.23cvb001@example.edu,+91 90000 00271,Civil,B,Dr. Senthil Das,senthil.t23@example.edu,Concrete Technology,CV306,46,46
23CVB002,Lavanya Rao,lavanya.23cvb002@example.edu,+91 90000 00272,Civil,B,Dr. Senthil Das,senthil.t23@example.edu,Structural Analysis,CV301,60,57
23CVB002,Lavanya Rao,lavanya.23cvb002@example.edu,+91 90000 00272,Civil,B,Dr. Senthil Das,senthil.t23@example.edu,Geotechnical Engineering,CV302,46,44
23CVB002,Lavanya Rao,lavanya.23cvb002@example.edu,+91 90000 00272,Civil,B,Dr. Senthil Das,senthil.t23@example.edu,Surveying,CV303,47,44
23CVB002,Lavanya Rao,lavanya.23cvb002@example.edu,+91 90000 00272,Civil,B,Dr. Senthil Das,senthil.t23@example.edu,Transportation Engineering,CV304,46,43
23CVB002,Lavanya Rao,lavanya.23cvb002@example.edu,+91 90000 00272,Civil,B,Dr. Senthil Das,senthil.t23@example.edu,Environmental Engineering,CV305,46,43
23CVB002,Lavanya Rao,lavanya.23cvb002@example.edu,+91 90000 00272,Civil,B,Dr. Senthil Das,senthil.t23@example.edu,Concrete Technology,CV306,46,43
23CVB003,Rohan Das,rohan.23cvb003@example.edu,+91 90000 00273,Civil,B,Dr. Senthil Das,senthil.t23@example.edu,Structural Analysis,CV301,60,57
23CVB003,Rohan Das,rohan.23cvb003@example.edu,+91 90000 00273,Civil,B,Dr. Senthil Das,senthil.t23@example.edu,Geotechnical Engineering,CV302,46,44
23CVB003,Rohan Das,rohan.23cvb003@example.edu,+91 90000 00273,Civil,B,Dr. Senthil Das,senthil.t23@example.edu,Surveying,CV303,47,46
23CVB003,Rohan Das,rohan.23cvb003@example.edu,+91 90000 00273,Civil,B,Dr. Senthil Das,senthil.t23@example.edu,Transportation Engineering,CV304,46,44
23CVB003,Rohan Das,rohan.23cvb003@example.edu,+91 90000 00273,Civil,B,Dr. Senthil Das,senthil.t23@example.edu,Environmental Engineering,CV305,46,44
23CVB003,Rohan Das,rohan.23cvb003@example.edu,+91 90000 00273,Civil,B,Dr. Senthil Das,senthil.t23@example.edu,Concrete Technology,CV306,46,44
23CVB004,Arjun Bose,arjun.23cvb004@example.edu,+91 90000 00274,Civil,B,Dr. Senthil Das,senthil.t23@example.edu,Structural Analysis,CV301,60,52
23CVB004,Arjun Bose,arjun.23cvb004@example.edu,+91 90000 00274,Civil,B,Dr. Senthil Das,senthil.t23@example.edu,Geotechnical Engineering,CV302,46,40
23CVB004,Arjun Bose,arjun.23cvb004@example.edu,+91 90000 00274,Civil,B,Dr. Senthil Das,senthil.t23@example.edu,Surveying,CV303,47,40
23CVB004,Arjun Bose,arjun.23cvb004@example.edu,+91 90000 00274,Civil,B,Dr. Senthil Das,senthil.t23@example.edu,Transportation Engineering,CV304,46,40
23CVB004,Arjun Bose,arjun.23cvb004@example.edu,+91 90000 00274,Civil,B,Dr. Senthil Das,senthil.t23@example.edu,Environmental Engineering,CV305,46,40
23CVB004,Arjun Bose,arjun.23cvb004@example.edu,+91 90000 00274,Civil,B,Dr. Senthil Das,senthil.t23@example.edu,Concrete Technology,CV306,46,39
23CVB005,Surya Subramanian,surya.23cvb005@example.edu,+91 90000 00275,Civil,B,Dr. Senthil Das,senthil.t23@example.edu,Structural Analysis,CV301,60,45
23CVB005,Surya Subramanian,surya.23cvb005@example.edu,+91 90000 00275,Civil,B,Dr. Senthil Das,senthil.t23@example.edu,Geotechnical Engineering,CV302,46,35
23CVB005,Surya Subramanian,surya.23cvb005@example.edu,+91 90000 00275,Civil,B,Dr. Senthil Das,senthil.t23@example.edu,Surveying,CV303,47,35
23CVB005,Surya Subramanian,surya.23cvb005@example.edu,+91 90000 00275,Civil,B,Dr. Senthil Das,senthil.t23@example.edu,Transportation Engineering,CV304,46,35
23CVB005,Surya Subramanian,surya.23cvb005@example.edu,+91 90000 00275,Civil,B,Dr. Senthil Das,senthil.t23@example.edu,Environmental Engineering,CV305,46,34
23CVB005,Surya Subramanian,surya.23cvb005@example.edu,+91 90000 00275,Civil,B,Dr. Senthil Das,senthil.t23@example.edu,Concrete Technology,CV306,46,35
23CVB006,Nikhil Raman,nikhil.23cvb006@example.edu,+91 90000 00276,Civil,B,Dr. Senthil Das,senthil.t23@example.edu,Structural Analysis,CV301,60,56
23CVB006,Nikhil Raman,nikhil.23cvb006@example.edu,+91 90000 00276,Civil,B,Dr. Senthil Das,senthil.t23@example.edu,Geotechnical Engineering,CV302,46,42
23CVB006,Nikhil Raman,nikhil.23cvb006@example.edu,+91 90000 00276,Civil,B,Dr. Senthil Das,senthil.t23@example.edu,Surveying,CV303,47,44
23CVB006,Nikhil Raman,nikhil.23cvb006@example.edu,+91 90000 00276,Civil,B,Dr. Senthil Das,senthil.t23@example.edu,Transportation Engineering,CV304,46,42
23CVB006,Nikhil Raman,nikhil.23cvb006@example.edu,+91 90000 00276,Civil,B,Dr. Senthil Das,senthil.t23@example.edu,Environmental Engineering,CV305,46,42
23CVB006,Nikhil Raman,nikhil.23cvb006@example.edu,+91 90000 00276,Civil,B,Dr. Senthil Das,senthil.t23@example.edu,Concrete Technology,CV306,46,42
23CVB007,Harish Das,harish.23cvb007@example.edu,+91 90000 00277,Civil,B,Dr. Senthil Das,senthil.t23@example.edu,Structural Analysis,CV301,60,44
23CVB007,Harish Das,harish.23cvb007@example.edu,+91 90000 00277,Civil,B,Dr. Senthil Das,senthil.t23@example.edu,Geotechnical Engineering,CV302,46,33
23CVB007,Harish Das,harish.23cvb007@example.edu,+91 90000 00277,Civil,B,Dr. Senthil Das,senthil.t23@example.edu,Surveying,CV303,47,34
23CVB007,Harish Das,harish.23cvb007@example.edu,+91 90000 00277,Civil,B,Dr. Senthil Das,senthil.t23@example.edu,Transportation Engineering,CV304,46,34
23CVB007,Harish Das,harish.23cvb007@example.edu,+91 90000 00277,Civil,B,Dr. Senthil Das,senthil.t23@example.edu,Environmental Engineering,CV305,46,33
23CVB007,Harish Das,harish.23cvb007@example.edu,+91 90000 00277,Civil,B,Dr. Senthil Das,senthil.t23@example.edu,Concrete Technology,CV306,46,33
23CVB008,Pranav Reddy,pranav.23cvb008@example.edu,+91 90000 00278,Civil,B,Dr. Senthil Das,senthil.t23@example.edu,Structural Analysis,CV301,60,55
23CVB008,Pranav Reddy,pranav.23cvb008@example.edu,+91 90000 00278,Civil,B,Dr. Senthil Das,senthil.t23@example.edu,Geotechnical Engineering,CV302,46,42
23CVB008,Pranav Reddy,pranav.23cvb008@example.edu,+91 90000 00278,Civil,B,Dr. Senthil Das,senthil.t23@example.edu,Surveying,CV303,47,43
23CVB008,Pranav Reddy,pranav.23cvb008@example.edu,+91 90000 00278,Civil,B,Dr. Senthil Das,senthil.t23@example.edu,Transportation Engineering,CV304,46,42
23CVB008,Pranav Reddy,pranav.23cvb008@example.edu,+91 90000 00278,Civil,B,Dr. Senthil Das,senthil.t23@example.edu,Environmental Engineering,CV305,46,42
23CVB008,Pranav Reddy,pranav.23cvb008@example.edu,+91 90000 00278,Civil,B,Dr. Senthil Das,senthil.t23@example.edu,Concrete Technology,CV306,46,42
23CVB009,Shreya Joshi,shreya.23cvb009@example.edu,+91 90000 00279,Civil,B,Dr. Senthil Das,senthil.t23@example.edu,Structural Analysis,CV301,60,58
23CVB009,Shreya Joshi,shreya.23cvb009@example.edu,+91 90000 00279,Civil,B,Dr. Senthil Das,senthil.t23@example.edu,Geotechnical Engineering,CV302,46,45
23CVB009,Shreya Joshi,shreya.23cvb009@example.edu,+91 90000 00279,Civil,B,Dr. Senthil Das,senthil.t23@example.edu,Surveying,CV303,47,46
23CVB009,Shreya Joshi,shreya.23cvb009@example.edu,+91 90000 00279,Civil,B,Dr. Senthil Das,senthil.t23@example.edu,Transportation Engineering,CV304,46,45
23CVB009,Shreya Joshi,shreya.23cvb009@example.edu,+91 90000 00279,Civil,B,Dr. Senthil Das,senthil.t23@example.edu,Environmental Engineering,CV305,46,45
23CVB009,Shreya Joshi,shreya.23cvb009@example.edu,+91 90000 00279,Civil,B,Dr. Senthil Das,senthil.t23@example.edu,Concrete Technology,CV306,46,45
23CVB010,Arjun Venkatesh,arjun.23cvb010@example.edu,+91 90000 00280,Civil,B,Dr. Senthil Das,senthil.t23@example.edu,Structural Analysis,CV301,60,51
23CVB010,Arjun Venkatesh,arjun.23cvb010@example.edu,+91 90000 00280,Civil,B,Dr. Senthil Das,senthil.t23@example.edu,Geotechnical Engineering,CV302,46,39
23CVB010,Arjun Venkatesh,arjun.23cvb010@example.edu,+91 90000 00280,Civil,B,Dr. Senthil Das,senthil.t23@example.edu,Surveying,CV303,47,40
23CVB010,Arjun Venkatesh,arjun.23cvb010@example.edu,+91 90000 00280,Civil,B,Dr. Senthil Das,senthil.t23@example.edu,Transportation Engineering,CV304,46,40
23CVB010,Arjun Venkatesh,arjun.23cvb010@example.edu,+91 90000 00280,Civil,B,Dr. Senthil Das,senthil.t23@example.edu,Environmental Engineering,CV305,46,39
23CVB010,Arjun Venkatesh,arjun.23cvb010@example.edu,+91 90000 00280,Civil,B,Dr. Senthil Das,senthil.t23@example.edu,Concrete Technology,CV306,46,39
23CVB011,Vignesh Gupta,vignesh.23cvb011@example.edu,+91 90000 00281,Civil,B,Dr. Senthil Das,senthil.t23@example.edu,Structural Analysis,CV301,60,51
23CVB011,Vignesh Gupta,vignesh.23cvb011@example.edu,+91 90000 00281,Civil,B,Dr. Senthil Das,senthil.t23@example.edu,Geotechnical Engineering,CV302,46,39
23CVB011,Vignesh Gupta,vignesh.23cvb011@example.edu,+91 90000 00281,Civil,B,Dr. Senthil Das,senthil.t23@example.edu,Surveying,CV303,47,40
23CVB011,Vignesh Gupta,vignesh.23cvb011@example.edu,+91 90000 00281,Civil,B,Dr. Senthil Das,senthil.t23@example.edu,Transportation Engineering,CV304,46,39
23CVB011,Vignesh Gupta,vignesh.23cvb011@example.edu,+91 90000 00281,Civil,B,Dr. Senthil Das,senthil.t23@example.edu,Environmental Engineering,CV305,46,39
23CVB011,Vignesh Gupta,vignesh.23cvb011@example.edu,+91 90000 00281,Civil,B,Dr. Senthil Das,senthil.t23@example.edu,Concrete Technology,CV306,46,40
23CVB012,Lavanya Gupta,lavanya.23cvb012@example.edu,+91 90000 00282,Civil,B,Dr. Senthil Das,senthil.t23@example.edu,Structural Analysis,CV301,60,32
23CVB012,Lavanya Gupta,lavanya.23cvb012@example.edu,+91 90000 00282,Civil,B,Dr. Senthil Das,senthil.t23@example.edu,Geotechnical Engineering,CV302,46,25
23CVB012,Lavanya Gupta,lavanya.23cvb012@example.edu,+91 90000 00282,Civil,B,Dr. Senthil Das,senthil.t23@example.edu,Surveying,CV303,47,25
23CVB012,Lavanya Gupta,lavanya.23cvb012@example.edu,+91 90000 00282,Civil,B,Dr. Senthil Das,senthil.t23@example.edu,Transportation Engineering,CV304,46,24
23CVB012,Lavanya Gupta,lavanya.23cvb012@example.edu,+91 90000 00282,Civil,B,Dr. Senthil Das,senthil.t23@example.edu,Environmental Engineering,CV305,46,25
23CVB012,Lavanya Gupta,lavanya.23cvb012@example.edu,+91 90000 00282,Civil,B,Dr. Senthil Das,senthil.t23@example.edu,Concrete Technology,CV306,46,24
23CVB013,Gokul Reddy,gokul.23cvb013@example.edu,+91 90000 00283,Civil,B,Dr. Senthil Das,senthil.t23@example.edu,Structural Analysis,CV301,60,56
23CVB013,Gokul Reddy,gokul.23cvb013@example.edu,+91 90000 00283,Civil,B,Dr. Senthil Das,senthil.t23@example.edu,Geotechnical Engineering,CV302,46,43
23CVB013,Gokul Reddy,gokul.23cvb013@example.edu,+91 90000 00283,Civil,B,Dr. Senthil Das,senthil.t23@example.edu,Surveying,CV303,47,44
23CVB013,Gokul Reddy,gokul.23cvb013@example.edu,+91 90000 00283,Civil,B,Dr. Senthil Das,senthil.t23@example.edu,Transportation Engineering,CV304,46,43
23CVB013,Gokul Reddy,gokul.23cvb013@example.edu,+91 90000 00283,Civil,B,Dr. Senthil Das,senthil.t23@example.edu,Environmental Engineering,CV305,46,42
23CVB013,Gokul Reddy,gokul.23cvb013@example.edu,+91 90000 00283,Civil,B,Dr. Senthil Das,senthil.t23@example.edu,Concrete Technology,CV306,46,43
23CVB014,Sanjay Sharma,sanjay.23cvb014@example.edu,+91 90000 00284,Civil,B,Dr. Senthil Das,senthil.t23@example.edu,Structural Analysis,CV301,60,44
23CVB014,Sanjay Sharma,sanjay.23cvb014@example.edu,+91 90000 00284,Civil,B,Dr. Senthil Das,senthil.t23@example.edu,Geotechnical Engineering,CV302,46,34
23CVB014,Sanjay Sharma,sanjay.23cvb014@example.edu,+91 90000 00284,Civil,B,Dr. Senthil Das,senthil.t23@example.edu,Surveying,CV303,47,35
23CVB014,Sanjay Sharma,sanjay.23cvb014@example.edu,+91 90000 00284,Civil,B,Dr. Senthil Das,senthil.t23@example.edu,Transportation Engineering,CV304,46,34
23CVB014,Sanjay Sharma,sanjay.23cvb014@example.edu,+91 90000 00284,Civil,B,Dr. Senthil Das,senthil.t23@example.edu,Environmental Engineering,CV305,46,34
23CVB014,Sanjay Sharma,sanjay.23cvb014@example.edu,+91 90000 00284,Civil,B,Dr. Senthil Das,senthil.t23@example.edu,Concrete Technology,CV306,46,34
23CVB015,Rohan Reddy,rohan.23cvb015@example.edu,+91 90000 00285,Civil,B,Dr. Senthil Das,senthil.t23@example.edu,Structural Analysis,CV301,60,56
23CVB015,Rohan Reddy,rohan.23cvb015@example.edu,+91 90000 00285,Civil,B,Dr. Senthil Das,senthil.t23@example.edu,Geotechnical Engineering,CV302,46,43
23CVB015,Rohan Reddy,rohan.23cvb015@example.edu,+91 90000 00285,Civil,B,Dr. Senthil Das,senthil.t23@example.edu,Surveying,CV303,47,44
23CVB015,Rohan Reddy,rohan.23cvb015@example.edu,+91 90000 00285,Civil,B,Dr. Senthil Das,senthil.t23@example.edu,Transportation Engineering,CV304,46,43
23CVB015,Rohan Reddy,rohan.23cvb015@example.edu,+91 90000 00285,Civil,B,Dr. Senthil Das,senthil.t23@example.edu,Environmental Engineering,CV305,46,43
23CVB015,Rohan Reddy,rohan.23cvb015@example.edu,+91 90000 00285,Civil,B,Dr. Senthil Das,senthil.t23@example.edu,Concrete Technology,CV306,46,43
23CVB016,Siddharth Joshi,siddharth.23cvb016@example.edu,+91 90000 00286,Civil,B,Dr. Senthil Das,senthil.t23@example.edu,Structural Analysis,CV301,60,55
23CVB016,Siddharth Joshi,siddharth.23cvb016@example.edu,+91 90000 00286,Civil,B,Dr. Senthil Das,senthil.t23@example.edu,Geotechnical Engineering,CV302,46,42
23CVB016,Siddharth Joshi,siddharth.23cvb016@example.edu,+91 90000 00286,Civil,B,Dr. Senthil Das,senthil.t23@example.edu,Surveying,CV303,47,43
23CVB016,Siddharth Joshi,siddharth.23cvb016@example.edu,+91 90000 00286,Civil,B,Dr. Senthil Das,senthil.t23@example.edu,Transportation Engineering,CV304,46,43
23CVB016,Siddharth Joshi,siddharth.23cvb016@example.edu,+91 90000 00286,Civil,B,Dr. Senthil Das,senthil.t23@example.edu,Environmental Engineering,CV305,46,43
23CVB016,Siddharth Joshi,siddharth.23cvb016@example.edu,+91 90000 00286,Civil,B,Dr. Senthil Das,senthil.t23@example.edu,Concrete Technology,CV306,46,42
23CVB017,Akash Bose,akash.23cvb017@example.edu,+91 90000 00287,Civil,B,Dr. Senthil Das,senthil.t23@example.edu,Structural Analysis,CV301,60,56
23CVB017,Akash Bose,akash.23cvb017@example.edu,+91 90000 00287,Civil,B,Dr. Senthil Das,senthil.t23@example.edu,Geotechnical Engineering,CV302,46,43
23CVB017,Akash Bose,akash.23cvb017@example.edu,+91 90000 00287,Civil,B,Dr. Senthil Das,senthil.t23@example.edu,Surveying,CV303,47,44
23CVB017,Akash Bose,akash.23cvb017@example.edu,+91 90000 00287,Civil,B,Dr. Senthil Das,senthil.t23@example.edu,Transportation Engineering,CV304,46,43
23CVB017,Akash Bose,akash.23cvb017@example.edu,+91 90000 00287,Civil,B,Dr. Senthil Das,senthil.t23@example.edu,Environmental Engineering,CV305,46,43
23CVB017,Akash Bose,akash.23cvb017@example.edu,+91 90000 00287,Civil,B,Dr. Senthil Das,senthil.t23@example.edu,Concrete Technology,CV306,46,43
23CVB018,Aishwarya Subramanian,aishwarya.23cvb018@example.edu,+91 90000 00288,Civil,B,Dr. Senthil Das,senthil.t23@example.edu,Structural Analysis,CV301,60,58
23CVB018,Aishwarya Subramanian,aishwarya.23cvb018@example.edu,+91 90000 00288,Civil,B,Dr. Senthil Das,senthil.t23@example.edu,Geotechnical Engineering,CV302,46,45
23CVB018,Aishwarya Subramanian,aishwarya.23cvb018@example.edu,+91 90000 00288,Civil,B,Dr. Senthil Das,senthil.t23@example.edu,Surveying,CV303,47,45
23CVB018,Aishwarya Subramanian,aishwarya.23cvb018@example.edu,+91 90000 00288,Civil,B,Dr. Senthil Das,senthil.t23@example.edu,Transportation Engineering,CV304,46,44
23CVB018,Aishwarya Subramanian,aishwarya.23cvb018@example.edu,+91 90000 00288,Civil,B,Dr. Senthil Das,senthil.t23@example.edu,Environmental Engineering,CV305,46,44
23CVB018,Aishwarya Subramanian,aishwarya.23cvb018@example.edu,+91 90000 00288,Civil,B,Dr. Senthil Das,senthil.t23@example.edu,Concrete Technology,CV306,46,44
23CVB019,Akash Balaji,akash.23cvb019@example.edu,+91 90000 00289,Civil,B,Dr. Senthil Das,senthil.t23@example.edu,Structural Analysis,CV301,60,57
23CVB019,Akash Balaji,akash.23cvb019@example.edu,+91 90000 00289,Civil,B,Dr. Senthil Das,senthil.t23@example.edu,Geotechnical Engineering,CV302,46,44
23CVB019,Akash Balaji,akash.23cvb019@example.edu,+91 90000 00289,Civil,B,Dr. Senthil Das,senthil.t23@example.edu,Surveying,CV303,47,45
23CVB019,Akash Balaji,akash.23cvb019@example.edu,+91 90000 00289,Civil,B,Dr. Senthil Das,senthil.t23@example.edu,Transportation Engineering,CV304,46,44
23CVB019,Akash Balaji,akash.23cvb019@example.edu,+91 90000 00289,Civil,B,Dr. Senthil Das,senthil.t23@example.edu,Environmental Engineering,CV305,46,44
23CVB019,Akash Balaji,akash.23cvb019@example.edu,+91 90000 00289,Civil,B,Dr. Senthil Das,senthil.t23@example.edu,Concrete Technology,CV306,46,44
23CVB020,Swathi Pillai,swathi.23cvb020@example.edu,+91 90000 00290,Civil,B,Dr. Senthil Das,senthil.t23@example.edu,Structural Analysis,CV301,60,58
23CVB020,Swathi Pillai,swathi.23cvb020@example.edu,+91 90000 00290,Civil,B,Dr. Senthil Das,senthil.t23@example.edu,Geotechnical Engineering,CV302,46,45
23CVB020,Swathi Pillai,swathi.23cvb020@example.edu,+91 90000 00290,Civil,B,Dr. Senthil Das,senthil.t23@example.edu,Surveying,CV303,47,46
23CVB020,Swathi Pillai,swathi.23cvb020@example.edu,+91 90000 00290,Civil,B,Dr. Senthil Das,senthil.t23@example.edu,Transportation Engineering,CV304,46,45
23CVB020,Swathi Pillai,swathi.23cvb020@example.edu,+91 90000 00290,Civil,B,Dr. Senthil Das,senthil.t23@example.edu,Environmental Engineering,CV305,46,45
23CVB020,Swathi Pillai,swathi.23cvb020@example.edu,+91 90000 00290,Civil,B,Dr. Senthil Das,senthil.t23@example.edu,Concrete Technology,CV306,46,45
23CVB021,Aarav Nair,aarav.23cvb021@example.edu,+91 90000 00291,Civil,B,Dr. Senthil Das,senthil.t23@example.edu,Structural Analysis,CV301,60,51
23CVB021,Aarav Nair,aarav.23cvb021@example.edu,+91 90000 00291,Civil,B,Dr. Senthil Das,senthil.t23@example.edu,Geotechnical Engineering,CV302,46,39
23CVB021,Aarav Nair,aarav.23cvb021@example.edu,+91 90000 00291,Civil,B,Dr. Senthil Das,senthil.t23@example.edu,Surveying,CV303,47,40
23CVB021,Aarav Nair,aarav.23cvb021@example.edu,+91 90000 00291,Civil,B,Dr. Senthil Das,senthil.t23@example.edu,Transportation Engineering,CV304,46,39
23CVB021,Aarav Nair,aarav.23cvb021@example.edu,+91 90000 00291,Civil,B,Dr. Senthil Das,senthil.t23@example.edu,Environmental Engineering,CV305,46,39
23CVB021,Aarav Nair,aarav.23cvb021@example.edu,+91 90000 00291,Civil,B,Dr. Senthil Das,senthil.t23@example.edu,Concrete Technology,CV306,46,39
23CVB022,Sneha Menon,sneha.23cvb022@example.edu,+91 90000 00292,Civil,B,Dr. Senthil Das,senthil.t23@example.edu,Structural Analysis,CV301,60,57
23CVB022,Sneha Menon,sneha.23cvb022@example.edu,+91 90000 00292,Civil,B,Dr. Senthil Das,senthil.t23@example.edu,Geotechnical Engineering,CV302,46,44
23CVB022,Sneha Menon,sneha.23cvb022@example.edu,+91 90000 00292,Civil,B,Dr. Senthil Das,senthil.t23@example.edu,Surveying,CV303,47,45
23CVB022,Sneha Menon,sneha.23cvb022@example.edu,+91 90000 00292,Civil,B,Dr. Senthil Das,senthil.t23@example.edu,Transportation Engineering,CV304,46,44
23CVB022,Sneha Menon,sneha.23cvb022@example.edu,+91 90000 00292,Civil,B,Dr. Senthil Das,senthil.t23@example.edu,Environmental Engineering,CV305,46,44
23CVB022,Sneha Menon,sneha.23cvb022@example.edu,+91 90000 00292,Civil,B,Dr. Senthil Das,senthil.t23@example.edu,Concrete Technology,CV306,46,43
23CVB023,Rohan Mishra,rohan.23cvb023@example.edu,+91 90000 00293,Civil,B,Dr. Senthil Das,senthil.t23@example.edu,Structural Analysis,CV301,60,31
23CVB023,Rohan Mishra,rohan.23cvb023@example.edu,+91 90000 00293,Civil,B,Dr. Senthil Das,senthil.t23@example.edu,Geotechnical Engineering,CV302,46,23
23CVB023,Rohan Mishra,rohan.23cvb023@example.edu,+91 90000 00293,Civil,B,Dr. Senthil Das,senthil.t23@example.edu,Surveying,CV303,47,24
23CVB023,Rohan Mishra,rohan.23cvb023@example.edu,+91 90000 00293,Civil,B,Dr. Senthil Das,senthil.t23@example.edu,Transportation Engineering,CV304,46,24
23CVB023,Rohan Mishra,rohan.23cvb023@example.edu,+91 90000 00293,Civil,B,Dr. Senthil Das,senthil.t23@example.edu,Environmental Engineering,CV305,46,24
23CVB023,Rohan Mishra,rohan.23cvb023@example.edu,+91 90000 00293,Civil,B,Dr. Senthil Das,senthil.t23@example.edu,Concrete Technology,CV306,46,24
23CVB024,Rahul Balaji,rahul.23cvb024@example.edu,+91 90000 00294,Civil,B,Dr. Senthil Das,senthil.t23@example.edu,Structural Analysis,CV301,60,56
23CVB024,Rahul Balaji,rahul.23cvb024@example.edu,+91 90000 00294,Civil,B,Dr. Senthil Das,senthil.t23@example.edu,Geotechnical Engineering,CV302,46,43
23CVB024,Rahul Balaji,rahul.23cvb024@example.edu,+91 90000 00294,Civil,B,Dr. Senthil Das,senthil.t23@example.edu,Surveying,CV303,47,44
23CVB024,Rahul Balaji,rahul.23cvb024@example.edu,+91 90000 00294,Civil,B,Dr. Senthil Das,senthil.t23@example.edu,Transportation Engineering,CV304,46,43
23CVB024,Rahul Balaji,rahul.23cvb024@example.edu,+91 90000 00294,Civil,B,Dr. Senthil Das,senthil.t23@example.edu,Environmental Engineering,CV305,46,42
23CVB024,Rahul Balaji,rahul.23cvb024@example.edu,+91 90000 00294,Civil,B,Dr. Senthil Das,senthil.t23@example.edu,Concrete Technology,CV306,46,42
23CVB025,Pooja Raman,pooja.23cvb025@example.edu,+91 90000 00295,Civil,B,Dr. Senthil Das,senthil.t23@example.edu,Structural Analysis,CV301,60,56
23CVB025,Pooja Raman,pooja.23cvb025@example.edu,+91 90000 00295,Civil,B,Dr. Senthil Das,senthil.t23@example.edu,Geotechnical Engineering,CV302,46,43
23CVB025,Pooja Raman,pooja.23cvb025@example.edu,+91 90000 00295,Civil,B,Dr. Senthil Das,senthil.t23@example.edu,Surveying,CV303,47,44
23CVB025,Pooja Raman,pooja.23cvb025@example.edu,+91 90000 00295,Civil,B,Dr. Senthil Das,senthil.t23@example.edu,Transportation Engineering,CV304,46,43
23CVB025,Pooja Raman,pooja.23cvb025@example.edu,+91 90000 00295,Civil,B,Dr. Senthil Das,senthil.t23@example.edu,Environmental Engineering,CV305,46,43
23CVB025,Pooja Raman,pooja.23cvb025@example.edu,+91 90000 00295,Civil,B,Dr. Senthil Das,senthil.t23@example.edu,Concrete Technology,CV306,46,43
23CVB026,Revathi Menon,revathi.23cvb026@example.edu,+91 90000 00296,Civil,B,Dr. Senthil Das,senthil.t23@example.edu,Structural Analysis,CV301,60,42
23CVB026,Revathi Menon,revathi.23cvb026@example.edu,+91 90000 00296,Civil,B,Dr. Senthil Das,senthil.t23@example.edu,Geotechnical Engineering,CV302,46,32
23CVB026,Revathi Menon,revathi.23cvb026@example.edu,+91 90000 00296,Civil,B,Dr. Senthil Das,senthil.t23@example.edu,Surveying,CV303,47,33
23CVB026,Revathi Menon,revathi.23cvb026@example.edu,+91 90000 00296,Civil,B,Dr. Senthil Das,senthil.t23@example.edu,Transportation Engineering,CV304,46,32
23CVB026,Revathi Menon,revathi.23cvb026@example.edu,+91 90000 00296,Civil,B,Dr. Senthil Das,senthil.t23@example.edu,Environmental Engineering,CV305,46,32
23CVB026,Revathi Menon,revathi.23cvb026@example.edu,+91 90000 00296,Civil,B,Dr. Senthil Das,senthil.t23@example.edu,Concrete Technology,CV306,46,32
23CVB027,Surya Krishnan,surya.23cvb027@example.edu,+91 90000 00297,Civil,B,Dr. Senthil Das,senthil.t23@example.edu,Structural Analysis,CV301,60,51
23CVB027,Surya Krishnan,surya.23cvb027@example.edu,+91 90000 00297,Civil,B,Dr. Senthil Das,senthil.t23@example.edu,Geotechnical Engineering,CV302,46,39
23CVB027,Surya Krishnan,surya.23cvb027@example.edu,+91 90000 00297,Civil,B,Dr. Senthil Das,senthil.t23@example.edu,Surveying,CV303,47,39
23CVB027,Surya Krishnan,surya.23cvb027@example.edu,+91 90000 00297,Civil,B,Dr. Senthil Das,senthil.t23@example.edu,Transportation Engineering,CV304,46,39
23CVB027,Surya Krishnan,surya.23cvb027@example.edu,+91 90000 00297,Civil,B,Dr. Senthil Das,senthil.t23@example.edu,Environmental Engineering,CV305,46,39
23CVB027,Surya Krishnan,surya.23cvb027@example.edu,+91 90000 00297,Civil,B,Dr. Senthil Das,senthil.t23@example.edu,Concrete Technology,CV306,46,39
23CVB028,Arjun Bose,arjun.23cvb028@example.edu,+91 90000 00298,Civil,B,Dr. Senthil Das,senthil.t23@example.edu,Structural Analysis,CV301,60,58
23CVB028,Arjun Bose,arjun.23cvb028@example.edu,+91 90000 00298,Civil,B,Dr. Senthil Das,senthil.t23@example.edu,Geotechnical Engineering,CV302,46,45
23CVB028,Arjun Bose,arjun.23cvb028@example.edu,+91 90000 00298,Civil,B,Dr. Senthil Das,senthil.t23@example.edu,Surveying,CV303,47,46
23CVB028,Arjun Bose,arjun.23cvb028@example.edu,+91 90000 00298,Civil,B,Dr. Senthil Das,senthil.t23@example.edu,Transportation Engineering,CV304,46,45
23CVB028,Arjun Bose,arjun.23cvb028@example.edu,+91 90000 00298,Civil,B,Dr. Senthil Das,senthil.t23@example.edu,Environmental Engineering,CV305,46,45
23CVB028,Arjun Bose,arjun.23cvb028@example.edu,+91 90000 00298,Civil,B,Dr. Senthil Das,senthil.t23@example.edu,Concrete Technology,CV306,46,45
23CVB029,Sanjay Subramanian,sanjay.23cvb029@example.edu,+91 90000 00299,Civil,B,Dr. Senthil Das,senthil.t23@example.edu,Structural Analysis,CV301,60,56
23CVB029,Sanjay Subramanian,sanjay.23cvb029@example.edu,+91 90000 00299,Civil,B,Dr. Senthil Das,senthil.t23@example.edu,Geotechnical Engineering,CV302,46,43
23CVB029,Sanjay Subramanian,sanjay.23cvb029@example.edu,+91 90000 00299,Civil,B,Dr. Senthil Das,senthil.t23@example.edu,Surveying,CV303,47,44
23CVB029,Sanjay Subramanian,sanjay.23cvb029@example.edu,+91 90000 00299,Civil,B,Dr. Senthil Das,senthil.t23@example.edu,Transportation Engineering,CV304,46,43
23CVB029,Sanjay Subramanian,sanjay.23cvb029@example.edu,+91 90000 00299,Civil,B,Dr. Senthil Das,senthil.t23@example.edu,Environmental Engineering,CV305,46,43
23CVB029,Sanjay Subramanian,sanjay.23cvb029@example.edu,+91 90000 00299,Civil,B,Dr. Senthil Das,senthil.t23@example.edu,Concrete Technology,CV306,46,43
23CVB030,Meera Patel,meera.23cvb030@example.edu,+91 90000 00300,Civil,B,Dr. Senthil Das,senthil.t23@example.edu,Structural Analysis,CV301,60,57
23CVB030,Meera Patel,meera.23cvb030@example.edu,+91 90000 00300,Civil,B,Dr. Senthil Das,senthil.t23@example.edu,Geotechnical Engineering,CV302,46,44
23CVB030,Meera Patel,meera.23cvb030@example.edu,+91 90000 00300,Civil,B,Dr. Senthil Das,senthil.t23@example.edu,Surveying,CV303,47,44
23CVB030,Meera Patel,meera.23cvb030@example.edu,+91 90000 00300,Civil,B,Dr. Senthil Das,senthil.t23@example.edu,Transportation Engineering,CV304,46,44
23CVB030,Meera Patel,meera.23cvb030@example.edu,+91 90000 00300,Civil,B,Dr. Senthil Das,senthil.t23@example.edu,Environmental Engineering,CV305,46,44
23CVB030,Meera Patel,meera.23cvb030@example.edu,+91 90000 00300,Civil,B,Dr. Senthil Das,senthil.t23@example.edu,Concrete Technology,CV306,46,44
23ECA001,Siddharth Bose,siddharth.23eca001@example.edu,+91 90000 00061,ECE,A,Dr. Vikram Reddy,vikram.t07@example.edu,Signals & Systems,EC301,60,51
23ECA001,Siddharth Bose,siddharth.23eca001@example.edu,+91 90000 00061,ECE,A,Dr. Vikram Reddy,vikram.t07@example.edu,Digital Electronics,EC302,47,40
23ECA001,Siddharth Bose,siddharth.23eca001@example.edu,+91 90000 00061,ECE,A,Dr. Vikram Reddy,vikram.t07@example.edu,Microprocessors,EC303,46,39
23ECA001,Siddharth Bose,siddharth.23eca001@example.edu,+91 90000 00061,ECE,A,Dr. Vikram Reddy,vikram.t07@example.edu,Communication Theory,EC304,47,40
23ECA001,Siddharth Bose,siddharth.23eca001@example.edu,+91 90000 00061,ECE,A,Dr. Vikram Reddy,vikram.t07@example.edu,Control Systems,EC305,46,39
23ECA001,Siddharth Bose,siddharth.23eca001@example.edu,+91 90000 00061,ECE,A,Dr. Vikram Reddy,vikram.t07@example.edu,Electromagnetics,EC306,46,40
23ECA002,Lavanya Sharma,lavanya.23eca002@example.edu,+91 90000 00062,ECE,A,Dr. Vikram Reddy,vikram.t07@example.edu,Signals & Systems,EC301,60,59
23ECA002,Lavanya Sharma,lavanya.23eca002@example.edu,+91 90000 00062,ECE,A,Dr. Vikram Reddy,vikram.t07@example.edu,Digital Electronics,EC302,47,46
23ECA002,Lavanya Sharma,lavanya.23eca002@example.edu,+91 90000 00062,ECE,A,Dr. Vikram Reddy,vikram.t07@example.edu,Microprocessors,EC303,46,46
23ECA002,Lavanya Sharma,lavanya.23eca002@example.edu,+91 90000 00062,ECE,A,Dr. Vikram Reddy,vikram.t07@example.edu,Communication Theory,EC304,47,46
23ECA002,Lavanya Sharma,lavanya.23eca002@example.edu,+91 90000 00062,ECE,A,Dr. Vikram Reddy,vikram.t07@example.edu,Control Systems,EC305,46,45
23ECA002,Lavanya Sharma,lavanya.23eca002@example.edu,+91 90000 00062,ECE,A,Dr. Vikram Reddy,vikram.t07@example.edu,Electromagnetics,EC306,46,45
23ECA003,Rahul Mishra,rahul.23eca003@example.edu,+91 90000 00063,ECE,A,Dr. Vikram Reddy,vikram.t07@example.edu,Signals & Systems,EC301,60,55
23ECA003,Rahul Mishra,rahul.23eca003@example.edu,+91 90000 00063,ECE,A,Dr. Vikram Reddy,vikram.t07@example.edu,Digital Electronics,EC302,47,43
23ECA003,Rahul Mishra,rahul.23eca003@example.edu,+91 90000 00063,ECE,A,Dr. Vikram Reddy,vikram.t07@example.edu,Microprocessors,EC303,46,43
23ECA003,Rahul Mishra,rahul.23eca003@example.edu,+91 90000 00063,ECE,A,Dr. Vikram Reddy,vikram.t07@example.edu,Communication Theory,EC304,47,44
23ECA003,Rahul Mishra,rahul.23eca003@example.edu,+91 90000 00063,ECE,A,Dr. Vikram Reddy,vikram.t07@example.edu,Control Systems,EC305,46,43
23ECA003,Rahul Mishra,rahul.23eca003@example.edu,+91 90000 00063,ECE,A,Dr. Vikram Reddy,vikram.t07@example.edu,Electromagnetics,EC306,46,43
23ECA004,Varun Gupta,varun.23eca004@example.edu,+91 90000 00064,ECE,A,Dr. Vikram Reddy,vikram.t07@example.edu,Signals & Systems,EC301,60,57
23ECA004,Varun Gupta,varun.23eca004@example.edu,+91 90000 00064,ECE,A,Dr. Vikram Reddy,vikram.t07@example.edu,Digital Electronics,EC302,47,45
23ECA004,Varun Gupta,varun.23eca004@example.edu,+91 90000 00064,ECE,A,Dr. Vikram Reddy,vikram.t07@example.edu,Microprocessors,EC303,46,45
23ECA004,Varun Gupta,varun.23eca004@example.edu,+91 90000 00064,ECE,A,Dr. Vikram Reddy,vikram.t07@example.edu,Communication Theory,EC304,47,45
23ECA004,Varun Gupta,varun.23eca004@example.edu,+91 90000 00064,ECE,A,Dr. Vikram Reddy,vikram.t07@example.edu,Control Systems,EC305,46,44
23ECA004,Varun Gupta,varun.23eca004@example.edu,+91 90000 00064,ECE,A,Dr. Vikram Reddy,vikram.t07@example.edu,Electromagnetics,EC306,46,44
23ECA005,Surya Krishnan,surya.23eca005@example.edu,+91 90000 00065,ECE,A,Dr. Vikram Reddy,vikram.t07@example.edu,Signals & Systems,EC301,60,59
23ECA005,Surya Krishnan,surya.23eca005@example.edu,+91 90000 00065,ECE,A,Dr. Vikram Reddy,vikram.t07@example.edu,Digital Electronics,EC302,47,45
23ECA005,Surya Krishnan,surya.23eca005@example.edu,+91 90000 00065,ECE,A,Dr. Vikram Reddy,vikram.t07@example.edu,Microprocessors,EC303,46,45
23ECA005,Surya Krishnan,surya.23eca005@example.edu,+91 90000 00065,ECE,A,Dr. Vikram Reddy,vikram.t07@example.edu,Communication Theory,EC304,47,46
23ECA005,Surya Krishnan,surya.23eca005@example.edu,+91 90000 00065,ECE,A,Dr. Vikram Reddy,vikram.t07@example.edu,Control Systems,EC305,46,44
23ECA005,Surya Krishnan,surya.23eca005@example.edu,+91 90000 00065,ECE,A,Dr. Vikram Reddy,vikram.t07@example.edu,Electromagnetics,EC306,46,44
23ECA006,Pranav Subramanian,pranav.23eca006@example.edu,+91 90000 00066,ECE,A,Dr. Vikram Reddy,vikram.t07@example.edu,Signals & Systems,EC301,60,31
23ECA006,Pranav Subramanian,pranav.23eca006@example.edu,+91 90000 00066,ECE,A,Dr. Vikram Reddy,vikram.t07@example.edu,Digital Electronics,EC302,47,25
23ECA006,Pranav Subramanian,pranav.23eca006@example.edu,+91 90000 00066,ECE,A,Dr. Vikram Reddy,vikram.t07@example.edu,Microprocessors,EC303,46,24
23ECA006,Pranav Subramanian,pranav.23eca006@example.edu,+91 90000 00066,ECE,A,Dr. Vikram Reddy,vikram.t07@example.edu,Communication Theory,EC304,47,25
23ECA006,Pranav Subramanian,pranav.23eca006@example.edu,+91 90000 00066,ECE,A,Dr. Vikram Reddy,vikram.t07@example.edu,Control Systems,EC305,46,25
23ECA006,Pranav Subramanian,pranav.23eca006@example.edu,+91 90000 00066,ECE,A,Dr. Vikram Reddy,vikram.t07@example.edu,Electromagnetics,EC306,46,24
23ECA007,Nivetha Raman,nivetha.23eca007@example.edu,+91 90000 00067,ECE,A,Dr. Vikram Reddy,vikram.t07@example.edu,Signals & Systems,EC301,60,59
23ECA007,Nivetha Raman,nivetha.23eca007@example.edu,+91 90000 00067,ECE,A,Dr. Vikram Reddy,vikram.t07@example.edu,Digital Electronics,EC302,47,46
23ECA007,Nivetha Raman,nivetha.23eca007@example.edu,+91 90000 00067,ECE,A,Dr. Vikram Reddy,vikram.t07@example.edu,Microprocessors,EC303,46,45
23ECA007,Nivetha Raman,nivetha.23eca007@example.edu,+91 90000 00067,ECE,A,Dr. Vikram Reddy,vikram.t07@example.edu,Communication Theory,EC304,47,46
23ECA007,Nivetha Raman,nivetha.23eca007@example.edu,+91 90000 00067,ECE,A,Dr. Vikram Reddy,vikram.t07@example.edu,Control Systems,EC305,46,45
23ECA007,Nivetha Raman,nivetha.23eca007@example.edu,+91 90000 00067,ECE,A,Dr. Vikram Reddy,vikram.t07@example.edu,Electromagnetics,EC306,46,45
23ECA008,Vivek Das,vivek.23eca008@example.edu,+91 90000 00068,ECE,A,Dr. Vikram Reddy,vikram.t07@example.edu,Signals & Systems,EC301,60,57
23ECA008,Vivek Das,vivek.23eca008@example.edu,+91 90000 00068,ECE,A,Dr. Vikram Reddy,vikram.t07@example.edu,Digital Electronics,EC302,47,44
23ECA008,Vivek Das,vivek.23eca008@example.edu,+91 90000 00068,ECE,A,Dr. Vikram Reddy,vikram.t07@example.edu,Microprocessors,EC303,46,44
23ECA008,Vivek Das,vivek.23eca008@example.edu,+91 90000 00068,ECE,A,Dr. Vikram Reddy,vikram.t07@example.edu,Communication Theory,EC304,47,44
23ECA008,Vivek Das,vivek.23eca008@example.edu,+91 90000 00068,ECE,A,Dr. Vikram Reddy,vikram.t07@example.edu,Control Systems,EC305,46,44
23ECA008,Vivek Das,vivek.23eca008@example.edu,+91 90000 00068,ECE,A,Dr. Vikram Reddy,vikram.t07@example.edu,Electromagnetics,EC306,46,44
23ECA009,Nivetha Nair,nivetha.23eca009@example.edu,+91 90000 00069,ECE,A,Dr. Vikram Reddy,vikram.t07@example.edu,Signals & Systems,EC301,60,58
23ECA009,Nivetha Nair,nivetha.23eca009@example.edu,+91 90000 00069,ECE,A,Dr. Vikram Reddy,vikram.t07@example.edu,Digital Electronics,EC302,47,45
23ECA009,Nivetha Nair,nivetha.23eca009@example.edu,+91 90000 00069,ECE,A,Dr. Vikram Reddy,vikram.t07@example.edu,Microprocessors,EC303,46,44
23ECA009,Nivetha Nair,nivetha.23eca009@example.edu,+91 90000 00069,ECE,A,Dr. Vikram Reddy,vikram.t07@example.edu,Communication Theory,EC304,47,45
23ECA009,Nivetha Nair,nivetha.23eca009@example.edu,+91 90000 00069,ECE,A,Dr. Vikram Reddy,vikram.t07@example.edu,Control Systems,EC305,46,44
23ECA009,Nivetha Nair,nivetha.23eca009@example.edu,+91 90000 00069,ECE,A,Dr. Vikram Reddy,vikram.t07@example.edu,Electromagnetics,EC306,46,44
23ECA010,Pranav Raman,pranav.23eca010@example.edu,+91 90000 00070,ECE,A,Dr. Vikram Reddy,vikram.t07@example.edu,Signals & Systems,EC301,60,58
23ECA010,Pranav Raman,pranav.23eca010@example.edu,+91 90000 00070,ECE,A,Dr. Vikram Reddy,vikram.t07@example.edu,Digital Electronics,EC302,47,46
23ECA010,Pranav Raman,pranav.23eca010@example.edu,+91 90000 00070,ECE,A,Dr. Vikram Reddy,vikram.t07@example.edu,Microprocessors,EC303,46,45
23ECA010,Pranav Raman,pranav.23eca010@example.edu,+91 90000 00070,ECE,A,Dr. Vikram Reddy,vikram.t07@example.edu,Communication Theory,EC304,47,46
23ECA010,Pranav Raman,pranav.23eca010@example.edu,+91 90000 00070,ECE,A,Dr. Vikram Reddy,vikram.t07@example.edu,Control Systems,EC305,46,44
23ECA010,Pranav Raman,pranav.23eca010@example.edu,+91 90000 00070,ECE,A,Dr. Vikram Reddy,vikram.t07@example.edu,Electromagnetics,EC306,46,45
23ECA011,Manoj Pillai,manoj.23eca011@example.edu,+91 90000 00071,ECE,A,Dr. Vikram Reddy,vikram.t07@example.edu,Signals & Systems,EC301,60,33
23ECA011,Manoj Pillai,manoj.23eca011@example.edu,+91 90000 00071,ECE,A,Dr. Vikram Reddy,vikram.t07@example.edu,Digital Electronics,EC302,47,26
23ECA011,Manoj Pillai,manoj.23eca011@example.edu,+91 90000 00071,ECE,A,Dr. Vikram Reddy,vikram.t07@example.edu,Microprocessors,EC303,46,25
23ECA011,Manoj Pillai,manoj.23eca011@example.edu,+91 90000 00071,ECE,A,Dr. Vikram Reddy,vikram.t07@example.edu,Communication Theory,EC304,47,26
23ECA011,Manoj Pillai,manoj.23eca011@example.edu,+91 90000 00071,ECE,A,Dr. Vikram Reddy,vikram.t07@example.edu,Control Systems,EC305,46,26
23ECA011,Manoj Pillai,manoj.23eca011@example.edu,+91 90000 00071,ECE,A,Dr. Vikram Reddy,vikram.t07@example.edu,Electromagnetics,EC306,46,26
23ECA012,Lavanya Menon,lavanya.23eca012@example.edu,+91 90000 00072,ECE,A,Dr. Vikram Reddy,vikram.t07@example.edu,Signals & Systems,EC301,60,56
23ECA012,Lavanya Menon,lavanya.23eca012@example.edu,+91 90000 00072,ECE,A,Dr. Vikram Reddy,vikram.t07@example.edu,Digital Electronics,EC302,47,44
23ECA012,Lavanya Menon,lavanya.23eca012@example.edu,+91 90000 00072,ECE,A,Dr. Vikram Reddy,vikram.t07@example.edu,Microprocessors,EC303,46,43
23ECA012,Lavanya Menon,lavanya.23eca012@example.edu,+91 90000 00072,ECE,A,Dr. Vikram Reddy,vikram.t07@example.edu,Communication Theory,EC304,47,44
23ECA012,Lavanya Menon,lavanya.23eca012@example.edu,+91 90000 00072,ECE,A,Dr. Vikram Reddy,vikram.t07@example.edu,Control Systems,EC305,46,43
23ECA012,Lavanya Menon,lavanya.23eca012@example.edu,+91 90000 00072,ECE,A,Dr. Vikram Reddy,vikram.t07@example.edu,Electromagnetics,EC306,46,43
23ECA013,Siddharth Pillai,siddharth.23eca013@example.edu,+91 90000 00073,ECE,A,Dr. Vikram Reddy,vikram.t07@example.edu,Signals & Systems,EC301,60,54
23ECA013,Siddharth Pillai,siddharth.23eca013@example.edu,+91 90000 00073,ECE,A,Dr. Vikram Reddy,vikram.t07@example.edu,Digital Electronics,EC302,47,43
23ECA013,Siddharth Pillai,siddharth.23eca013@example.edu,+91 90000 00073,ECE,A,Dr. Vikram Reddy,vikram.t07@example.edu,Microprocessors,EC303,46,42
23ECA013,Siddharth Pillai,siddharth.23eca013@example.edu,+91 90000 00073,ECE,A,Dr. Vikram Reddy,vikram.t07@example.edu,Communication Theory,EC304,47,43
23ECA013,Siddharth Pillai,siddharth.23eca013@example.edu,+91 90000 00073,ECE,A,Dr. Vikram Reddy,vikram.t07@example.edu,Control Systems,EC305,46,41
23ECA013,Siddharth Pillai,siddharth.23eca013@example.edu,+91 90000 00073,ECE,A,Dr. Vikram Reddy,vikram.t07@example.edu,Electromagnetics,EC306,46,42
23ECA014,Naveen Chandran,naveen.23eca014@example.edu,+91 90000 00074,ECE,A,Dr. Vikram Reddy,vikram.t07@example.edu,Signals & Systems,EC301,60,58
23ECA014,Naveen Chandran,naveen.23eca014@example.edu,+91 90000 00074,ECE,A,Dr. Vikram Reddy,vikram.t07@example.edu,Digital Electronics,EC302,47,45
23ECA014,Naveen Chandran,naveen.23eca014@example.edu,+91 90000 00074,ECE,A,Dr. Vikram Reddy,vikram.t07@example.edu,Microprocessors,EC303,46,45
23ECA014,Naveen Chandran,naveen.23eca014@example.edu,+91 90000 00074,ECE,A,Dr. Vikram Reddy,vikram.t07@example.edu,Communication Theory,EC304,47,46
23ECA014,Naveen Chandran,naveen.23eca014@example.edu,+91 90000 00074,ECE,A,Dr. Vikram Reddy,vikram.t07@example.edu,Control Systems,EC305,46,45
23ECA014,Naveen Chandran,naveen.23eca014@example.edu,+91 90000 00074,ECE,A,Dr. Vikram Reddy,vikram.t07@example.edu,Electromagnetics,EC306,46,45
23ECA015,Harish Raman,harish.23eca015@example.edu,+91 90000 00075,ECE,A,Dr. Vikram Reddy,vikram.t07@example.edu,Signals & Systems,EC301,60,51
23ECA015,Harish Raman,harish.23eca015@example.edu,+91 90000 00075,ECE,A,Dr. Vikram Reddy,vikram.t07@example.edu,Digital Electronics,EC302,47,40
23ECA015,Harish Raman,harish.23eca015@example.edu,+91 90000 00075,ECE,A,Dr. Vikram Reddy,vikram.t07@example.edu,Microprocessors,EC303,46,39
23ECA015,Harish Raman,harish.23eca015@example.edu,+91 90000 00075,ECE,A,Dr. Vikram Reddy,vikram.t07@example.edu,Communication Theory,EC304,47,40
23ECA015,Harish Raman,harish.23eca015@example.edu,+91 90000 00075,ECE,A,Dr. Vikram Reddy,vikram.t07@example.edu,Control Systems,EC305,46,39
23ECA015,Harish Raman,harish.23eca015@example.edu,+91 90000 00075,ECE,A,Dr. Vikram Reddy,vikram.t07@example.edu,Electromagnetics,EC306,46,39
23ECA016,Meera Nair,meera.23eca016@example.edu,+91 90000 00076,ECE,A,Dr. Vikram Reddy,vikram.t07@example.edu,Signals & Systems,EC301,60,58
23ECA016,Meera Nair,meera.23eca016@example.edu,+91 90000 00076,ECE,A,Dr. Vikram Reddy,vikram.t07@example.edu,Digital Electronics,EC302,47,45
23ECA016,Meera Nair,meera.23eca016@example.edu,+91 90000 00076,ECE,A,Dr. Vikram Reddy,vikram.t07@example.edu,Microprocessors,EC303,46,45
23ECA016,Meera Nair,meera.23eca016@example.edu,+91 90000 00076,ECE,A,Dr. Vikram Reddy,vikram.t07@example.edu,Communication Theory,EC304,47,45
23ECA016,Meera Nair,meera.23eca016@example.edu,+91 90000 00076,ECE,A,Dr. Vikram Reddy,vikram.t07@example.edu,Control Systems,EC305,46,45
23ECA016,Meera Nair,meera.23eca016@example.edu,+91 90000 00076,ECE,A,Dr. Vikram Reddy,vikram.t07@example.edu,Electromagnetics,EC306,46,45
23ECA017,Rahul Chandran,rahul.23eca017@example.edu,+91 90000 00077,ECE,A,Dr. Vikram Reddy,vikram.t07@example.edu,Signals & Systems,EC301,60,59
23ECA017,Rahul Chandran,rahul.23eca017@example.edu,+91 90000 00077,ECE,A,Dr. Vikram Reddy,vikram.t07@example.edu,Digital Electronics,EC302,47,46
23ECA017,Rahul Chandran,rahul.23eca017@example.edu,+91 90000 00077,ECE,A,Dr. Vikram Reddy,vikram.t07@example.edu,Microprocessors,EC303,46,45
23ECA017,Rahul Chandran,rahul.23eca017@example.edu,+91 90000 00077,ECE,A,Dr. Vikram Reddy,vikram.t07@example.edu,Communication Theory,EC304,47,46
23ECA017,Rahul Chandran,rahul.23eca017@example.edu,+91 90000 00077,ECE,A,Dr. Vikram Reddy,vikram.t07@example.edu,Control Systems,EC305,46,45
23ECA017,Rahul Chandran,rahul.23eca017@example.edu,+91 90000 00077,ECE,A,Dr. Vikram Reddy,vikram.t07@example.edu,Electromagnetics,EC306,46,46
23ECA018,Arjun Balaji,arjun.23eca018@example.edu,+91 90000 00078,ECE,A,Dr. Vikram Reddy,vikram.t07@example.edu,Signals & Systems,EC301,60,59
23ECA018,Arjun Balaji,arjun.23eca018@example.edu,+91 90000 00078,ECE,A,Dr. Vikram Reddy,vikram.t07@example.edu,Digital Electronics,EC302,47,46
23ECA018,Arjun Balaji,arjun.23eca018@example.edu,+91 90000 00078,ECE,A,Dr. Vikram Reddy,vikram.t07@example.edu,Microprocessors,EC303,46,45
23ECA018,Arjun Balaji,arjun.23eca018@example.edu,+91 90000 00078,ECE,A,Dr. Vikram Reddy,vikram.t07@example.edu,Communication Theory,EC304,47,47
23ECA018,Arjun Balaji,arjun.23eca018@example.edu,+91 90000 00078,ECE,A,Dr. Vikram Reddy,vikram.t07@example.edu,Control Systems,EC305,46,46
23ECA018,Arjun Balaji,arjun.23eca018@example.edu,+91 90000 00078,ECE,A,Dr. Vikram Reddy,vikram.t07@example.edu,Electromagnetics,EC306,46,45
23ECA019,Pooja Reddy,pooja.23eca019@example.edu,+91 90000 00079,ECE,A,Dr. Vikram Reddy,vikram.t07@example.edu,Signals & Systems,EC301,60,56
23ECA019,Pooja Reddy,pooja.23eca019@example.edu,+91 90000 00079,ECE,A,Dr. Vikram Reddy,vikram.t07@example.edu,Digital Electronics,EC302,47,44
23ECA019,Pooja Reddy,pooja.23eca019@example.edu,+91 90000 00079,ECE,A,Dr. Vikram Reddy,vikram.t07@example.edu,Microprocessors,EC303,46,43
23ECA019,Pooja Reddy,pooja.23eca019@example.edu,+91 90000 00079,ECE,A,Dr. Vikram Reddy,vikram.t07@example.edu,Communication Theory,EC304,47,44
23ECA019,Pooja Reddy,pooja.23eca019@example.edu,+91 90000 00079,ECE,A,Dr. Vikram Reddy,vikram.t07@example.edu,Control Systems,EC305,46,43
23ECA019,Pooja Reddy,pooja.23eca019@example.edu,+91 90000 00079,ECE,A,Dr. Vikram Reddy,vikram.t07@example.edu,Electromagnetics,EC306,46,43
23ECA020,Revathi Venkatesh,revathi.23eca020@example.edu,+91 90000 00080,ECE,A,Dr. Vikram Reddy,vikram.t07@example.edu,Signals & Systems,EC301,60,59
23ECA020,Revathi Venkatesh,revathi.23eca020@example.edu,+91 90000 00080,ECE,A,Dr. Vikram Reddy,vikram.t07@example.edu,Digital Electronics,EC302,47,47
23ECA020,Revathi Venkatesh,revathi.23eca020@example.edu,+91 90000 00080,ECE,A,Dr. Vikram Reddy,vikram.t07@example.edu,Microprocessors,EC303,46,46
23ECA020,Revathi Venkatesh,revathi.23eca020@example.edu,+91 90000 00080,ECE,A,Dr. Vikram Reddy,vikram.t07@example.edu,Communication Theory,EC304,47,47
23ECA020,Revathi Venkatesh,revathi.23eca020@example.edu,+91 90000 00080,ECE,A,Dr. Vikram Reddy,vikram.t07@example.edu,Control Systems,EC305,46,45
23ECA020,Revathi Venkatesh,revathi.23eca020@example.edu,+91 90000 00080,ECE,A,Dr. Vikram Reddy,vikram.t07@example.edu,Electromagnetics,EC306,46,45
23ECA021,Harish Menon,harish.23eca021@example.edu,+91 90000 00081,ECE,A,Dr. Vikram Reddy,vikram.t07@example.edu,Signals & Systems,EC301,60,56
23ECA021,Harish Menon,harish.23eca021@example.edu,+91 90000 00081,ECE,A,Dr. Vikram Reddy,vikram.t07@example.edu,Digital Electronics,EC302,47,43
23ECA021,Harish Menon,harish.23eca021@example.edu,+91 90000 00081,ECE,A,Dr. Vikram Reddy,vikram.t07@example.edu,Microprocessors,EC303,46,42
23ECA021,Harish Menon,harish.23eca021@example.edu,+91 90000 00081,ECE,A,Dr. Vikram Reddy,vikram.t07@example.edu,Communication Theory,EC304,47,44
23ECA021,Harish Menon,harish.23eca021@example.edu,+91 90000 00081,ECE,A,Dr. Vikram Reddy,vikram.t07@example.edu,Control Systems,EC305,46,43
23ECA021,Harish Menon,harish.23eca021@example.edu,+91 90000 00081,ECE,A,Dr. Vikram Reddy,vikram.t07@example.edu,Electromagnetics,EC306,46,43
23ECA022,Diya Reddy,diya.23eca022@example.edu,+91 90000 00082,ECE,A,Dr. Vikram Reddy,vikram.t07@example.edu,Signals & Systems,EC301,60,55
23ECA022,Diya Reddy,diya.23eca022@example.edu,+91 90000 00082,ECE,A,Dr. Vikram Reddy,vikram.t07@example.edu,Digital Electronics,EC302,47,43
23ECA022,Diya Reddy,diya.23eca022@example.edu,+91 90000 00082,ECE,A,Dr. Vikram Reddy,vikram.t07@example.edu,Microprocessors,EC303,46,43
23ECA022,Diya Reddy,diya.23eca022@example.edu,+91 90000 00082,ECE,A,Dr. Vikram Reddy,vikram.t07@example.edu,Communication Theory,EC304,47,43
23ECA022,Diya Reddy,diya.23eca022@example.edu,+91 90000 00082,ECE,A,Dr. Vikram Reddy,vikram.t07@example.edu,Control Systems,EC305,46,43
23ECA022,Diya Reddy,diya.23eca022@example.edu,+91 90000 00082,ECE,A,Dr. Vikram Reddy,vikram.t07@example.edu,Electromagnetics,EC306,46,43
23ECA023,Priyanka Raman,priyanka.23eca023@example.edu,+91 90000 00083,ECE,A,Dr. Vikram Reddy,vikram.t07@example.edu,Signals & Systems,EC301,60,58
23ECA023,Priyanka Raman,priyanka.23eca023@example.edu,+91 90000 00083,ECE,A,Dr. Vikram Reddy,vikram.t07@example.edu,Digital Electronics,EC302,47,46
23ECA023,Priyanka Raman,priyanka.23eca023@example.edu,+91 90000 00083,ECE,A,Dr. Vikram Reddy,vikram.t07@example.edu,Microprocessors,EC303,46,44
23ECA023,Priyanka Raman,priyanka.23eca023@example.edu,+91 90000 00083,ECE,A,Dr. Vikram Reddy,vikram.t07@example.edu,Communication Theory,EC304,47,45
23ECA023,Priyanka Raman,priyanka.23eca023@example.edu,+91 90000 00083,ECE,A,Dr. Vikram Reddy,vikram.t07@example.edu,Control Systems,EC305,46,44
23ECA023,Priyanka Raman,priyanka.23eca023@example.edu,+91 90000 00083,ECE,A,Dr. Vikram Reddy,vikram.t07@example.edu,Electromagnetics,EC306,46,44
23ECA024,Pooja Kumar,pooja.23eca024@example.edu,+91 90000 00084,ECE,A,Dr. Vikram Reddy,vikram.t07@example.edu,Signals & Systems,EC301,60,51
23ECA024,Pooja Kumar,pooja.23eca024@example.edu,+91 90000 00084,ECE,A,Dr. Vikram Reddy,vikram.t07@example.edu,Digital Electronics,EC302,47,40
23ECA024,Pooja Kumar,pooja.23eca024@example.edu,+91 90000 00084,ECE,A,Dr. Vikram Reddy,vikram.t07@example.edu,Microprocessors,EC303,46,40
23ECA024,Pooja Kumar,pooja.23eca024@example.edu,+91 90000 00084,ECE,A,Dr. Vikram Reddy,vikram.t07@example.edu,Communication Theory,EC304,47,40
23ECA024,Pooja Kumar,pooja.23eca024@example.edu,+91 90000 00084,ECE,A,Dr. Vikram Reddy,vikram.t07@example.edu,Control Systems,EC305,46,39
23ECA024,Pooja Kumar,pooja.23eca024@example.edu,+91 90000 00084,ECE,A,Dr. Vikram Reddy,vikram.t07@example.edu,Electromagnetics,EC306,46,40
23ECA025,Ananya Patel,ananya.23eca025@example.edu,+91 90000 00085,ECE,A,Dr. Vikram Reddy,vikram.t07@example.edu,Signals & Systems,EC301,60,33
23ECA025,Ananya Patel,ananya.23eca025@example.edu,+91 90000 00085,ECE,A,Dr. Vikram Reddy,vikram.t07@example.edu,Digital Electronics,EC302,47,25
23ECA025,Ananya Patel,ananya.23eca025@example.edu,+91 90000 00085,ECE,A,Dr. Vikram Reddy,vikram.t07@example.edu,Microprocessors,EC303,46,25
23ECA025,Ananya Patel,ananya.23eca025@example.edu,+91 90000 00085,ECE,A,Dr. Vikram Reddy,vikram.t07@example.edu,Communication Theory,EC304,47,25
23ECA025,Ananya Patel,ananya.23eca025@example.edu,+91 90000 00085,ECE,A,Dr. Vikram Reddy,vikram.t07@example.edu,Control Systems,EC305,46,25
23ECA025,Ananya Patel,ananya.23eca025@example.edu,+91 90000 00085,ECE,A,Dr. Vikram Reddy,vikram.t07@example.edu,Electromagnetics,EC306,46,24
23ECA026,Manoj Patel,manoj.23eca026@example.edu,+91 90000 00086,ECE,A,Dr. Vikram Reddy,vikram.t07@example.edu,Signals & Systems,EC301,60,58
23ECA026,Manoj Patel,manoj.23eca026@example.edu,+91 90000 00086,ECE,A,Dr. Vikram Reddy,vikram.t07@example.edu,Digital Electronics,EC302,47,45
23ECA026,Manoj Patel,manoj.23eca026@example.edu,+91 90000 00086,ECE,A,Dr. Vikram Reddy,vikram.t07@example.edu,Microprocessors,EC303,46,44
23ECA026,Manoj Patel,manoj.23eca026@example.edu,+91 90000 00086,ECE,A,Dr. Vikram Reddy,vikram.t07@example.edu,Communication Theory,EC304,47,46
23ECA026,Manoj Patel,manoj.23eca026@example.edu,+91 90000 00086,ECE,A,Dr. Vikram Reddy,vikram.t07@example.edu,Control Systems,EC305,46,44
23ECA026,Manoj Patel,manoj.23eca026@example.edu,+91 90000 00086,ECE,A,Dr. Vikram Reddy,vikram.t07@example.edu,Electromagnetics,EC306,46,44
23ECA027,Keerthana Balaji,keerthana.23eca027@example.edu,+91 90000 00087,ECE,A,Dr. Vikram Reddy,vikram.t07@example.edu,Signals & Systems,EC301,60,55
23ECA027,Keerthana Balaji,keerthana.23eca027@example.edu,+91 90000 00087,ECE,A,Dr. Vikram Reddy,vikram.t07@example.edu,Digital Electronics,EC302,47,43
23ECA027,Keerthana Balaji,keerthana.23eca027@example.edu,+91 90000 00087,ECE,A,Dr. Vikram Reddy,vikram.t07@example.edu,Microprocessors,EC303,46,43
23ECA027,Keerthana Balaji,keerthana.23eca027@example.edu,+91 90000 00087,ECE,A,Dr. Vikram Reddy,vikram.t07@example.edu,Communication Theory,EC304,47,44
23ECA027,Keerthana Balaji,keerthana.23eca027@example.edu,+91 90000 00087,ECE,A,Dr. Vikram Reddy,vikram.t07@example.edu,Control Systems,EC305,46,42
23ECA027,Keerthana Balaji,keerthana.23eca027@example.edu,+91 90000 00087,ECE,A,Dr. Vikram Reddy,vikram.t07@example.edu,Electromagnetics,EC306,46,43
23ECA028,Aishwarya Venkatesh,aishwarya.23eca028@example.edu,+91 90000 00088,ECE,A,Dr. Vikram Reddy,vikram.t07@example.edu,Signals & Systems,EC301,60,59
23ECA028,Aishwarya Venkatesh,aishwarya.23eca028@example.edu,+91 90000 00088,ECE,A,Dr. Vikram Reddy,vikram.t07@example.edu,Digital Electronics,EC302,47,46
23ECA028,Aishwarya Venkatesh,aishwarya.23eca028@example.edu,+91 90000 00088,ECE,A,Dr. Vikram Reddy,vikram.t07@example.edu,Microprocessors,EC303,46,45
23ECA028,Aishwarya Venkatesh,aishwarya.23eca028@example.edu,+91 90000 00088,ECE,A,Dr. Vikram Reddy,vikram.t07@example.edu,Communication Theory,EC304,47,46
23ECA028,Aishwarya Venkatesh,aishwarya.23eca028@example.edu,+91 90000 00088,ECE,A,Dr. Vikram Reddy,vikram.t07@example.edu,Control Systems,EC305,46,45
23ECA028,Aishwarya Venkatesh,aishwarya.23eca028@example.edu,+91 90000 00088,ECE,A,Dr. Vikram Reddy,vikram.t07@example.edu,Electromagnetics,EC306,46,45
23ECA029,Siddharth Raman,siddharth.23eca029@example.edu,+91 90000 00089,ECE,A,Dr. Vikram Reddy,vikram.t07@example.edu,Signals & Systems,EC301,60,56
23ECA029,Siddharth Raman,siddharth.23eca029@example.edu,+91 90000 00089,ECE,A,Dr. Vikram Reddy,vikram.t07@example.edu,Digital Electronics,EC302,47,44
23ECA029,Siddharth Raman,siddharth.23eca029@example.edu,+91 90000 00089,ECE,A,Dr. Vikram Reddy,vikram.t07@example.edu,Microprocessors,EC303,46,43
23ECA029,Siddharth Raman,siddharth.23eca029@example.edu,+91 90000 00089,ECE,A,Dr. Vikram Reddy,vikram.t07@example.edu,Communication Theory,EC304,47,44
23ECA029,Siddharth Raman,siddharth.23eca029@example.edu,+91 90000 00089,ECE,A,Dr. Vikram Reddy,vikram.t07@example.edu,Control Systems,EC305,46,43
23ECA029,Siddharth Raman,siddharth.23eca029@example.edu,+91 90000 00089,ECE,A,Dr. Vikram Reddy,vikram.t07@example.edu,Electromagnetics,EC306,46,43
23ECA030,Sneha Joshi,sneha.23eca030@example.edu,+91 90000 00090,ECE,A,Dr. Vikram Reddy,vikram.t07@example.edu,Signals & Systems,EC301,60,58
23ECA030,Sneha Joshi,sneha.23eca030@example.edu,+91 90000 00090,ECE,A,Dr. Vikram Reddy,vikram.t07@example.edu,Digital Electronics,EC302,47,45
23ECA030,Sneha Joshi,sneha.23eca030@example.edu,+91 90000 00090,ECE,A,Dr. Vikram Reddy,vikram.t07@example.edu,Microprocessors,EC303,46,44
23ECA030,Sneha Joshi,sneha.23eca030@example.edu,+91 90000 00090,ECE,A,Dr. Vikram Reddy,vikram.t07@example.edu,Communication Theory,EC304,47,45
23ECA030,Sneha Joshi,sneha.23eca030@example.edu,+91 90000 00090,ECE,A,Dr. Vikram Reddy,vikram.t07@example.edu,Control Systems,EC305,46,45
23ECA030,Sneha Joshi,sneha.23eca030@example.edu,+91 90000 00090,ECE,A,Dr. Vikram Reddy,vikram.t07@example.edu,Electromagnetics,EC306,46,44
23ECB001,Diya Venkatesh,diya.23ecb001@example.edu,+91 90000 00091,ECE,B,Dr. Divya Pillai,divya.t08@example.edu,Signals & Systems,EC301,60,56
23ECB001,Diya Venkatesh,diya.23ecb001@example.edu,+91 90000 00091,ECE,B,Dr. Divya Pillai,divya.t08@example.edu,Digital Electronics,EC302,46,43
23ECB001,Diya Venkatesh,diya.23ecb001@example.edu,+91 90000 00091,ECE,B,Dr. Divya Pillai,divya.t08@example.edu,Microprocessors,EC303,47,44
23ECB001,Diya Venkatesh,diya.23ecb001@example.edu,+91 90000 00091,ECE,B,Dr. Divya Pillai,divya.t08@example.edu,Communication Theory,EC304,46,43
23ECB001,Diya Venkatesh,diya.23ecb001@example.edu,+91 90000 00091,ECE,B,Dr. Divya Pillai,divya.t08@example.edu,Control Systems,EC305,47,43
23ECB001,Diya Venkatesh,diya.23ecb001@example.edu,+91 90000 00091,ECE,B,Dr. Divya Pillai,divya.t08@example.edu,Electromagnetics,EC306,47,44
23ECB002,Arjun Mishra,arjun.23ecb002@example.edu,+91 90000 00092,ECE,B,Dr. Divya Pillai,divya.t08@example.edu,Signals & Systems,EC301,60,55
23ECB002,Arjun Mishra,arjun.23ecb002@example.edu,+91 90000 00092,ECE,B,Dr. Divya Pillai,divya.t08@example.edu,Digital Electronics,EC302,46,43
23ECB002,Arjun Mishra,arjun.23ecb002@example.edu,+91 90000 00092,ECE,B,Dr. Divya Pillai,divya.t08@example.edu,Microprocessors,EC303,47,43
23ECB002,Arjun Mishra,arjun.23ecb002@example.edu,+91 90000 00092,ECE,B,Dr. Divya Pillai,divya.t08@example.edu,Communication Theory,EC304,46,42
23ECB002,Arjun Mishra,arjun.23ecb002@example.edu,+91 90000 00092,ECE,B,Dr. Divya Pillai,divya.t08@example.edu,Control Systems,EC305,47,44
23ECB002,Arjun Mishra,arjun.23ecb002@example.edu,+91 90000 00092,ECE,B,Dr. Divya Pillai,divya.t08@example.edu,Electromagnetics,EC306,47,44
23ECB003,Aishwarya Iyer,aishwarya.23ecb003@example.edu,+91 90000 00093,ECE,B,Dr. Divya Pillai,divya.t08@example.edu,Signals & Systems,EC301,60,56
23ECB003,Aishwarya Iyer,aishwarya.23ecb003@example.edu,+91 90000 00093,ECE,B,Dr. Divya Pillai,divya.t08@example.edu,Digital Electronics,EC302,46,43
23ECB003,Aishwarya Iyer,aishwarya.23ecb003@example.edu,+91 90000 00093,ECE,B,Dr. Divya Pillai,divya.t08@example.edu,Microprocessors,EC303,47,44
23ECB003,Aishwarya Iyer,aishwarya.23ecb003@example.edu,+91 90000 00093,ECE,B,Dr. Divya Pillai,divya.t08@example.edu,Communication Theory,EC304,46,43
23ECB003,Aishwarya Iyer,aishwarya.23ecb003@example.edu,+91 90000 00093,ECE,B,Dr. Divya Pillai,divya.t08@example.edu,Control Systems,EC305,47,43
23ECB003,Aishwarya Iyer,aishwarya.23ecb003@example.edu,+91 90000 00093,ECE,B,Dr. Divya Pillai,divya.t08@example.edu,Electromagnetics,EC306,47,44
23ECB004,Karthik Nair,karthik.23ecb004@example.edu,+91 90000 00094,ECE,B,Dr. Divya Pillai,divya.t08@example.edu,Signals & Systems,EC301,60,57
23ECB004,Karthik Nair,karthik.23ecb004@example.edu,+91 90000 00094,ECE,B,Dr. Divya Pillai,divya.t08@example.edu,Digital Electronics,EC302,46,43
23ECB004,Karthik Nair,karthik.23ecb004@example.edu,+91 90000 00094,ECE,B,Dr. Divya Pillai,divya.t08@example.edu,Microprocessors,EC303,47,45
23ECB004,Karthik Nair,karthik.23ecb004@example.edu,+91 90000 00094,ECE,B,Dr. Divya Pillai,divya.t08@example.edu,Communication Theory,EC304,46,43
23ECB004,Karthik Nair,karthik.23ecb004@example.edu,+91 90000 00094,ECE,B,Dr. Divya Pillai,divya.t08@example.edu,Control Systems,EC305,47,44
23ECB004,Karthik Nair,karthik.23ecb004@example.edu,+91 90000 00094,ECE,B,Dr. Divya Pillai,divya.t08@example.edu,Electromagnetics,EC306,47,44
23ECB005,Meera Raman,meera.23ecb005@example.edu,+91 90000 00095,ECE,B,Dr. Divya Pillai,divya.t08@example.edu,Signals & Systems,EC301,60,58
23ECB005,Meera Raman,meera.23ecb005@example.edu,+91 90000 00095,ECE,B,Dr. Divya Pillai,divya.t08@example.edu,Digital Electronics,EC302,46,44
23ECB005,Meera Raman,meera.23ecb005@example.edu,+91 90000 00095,ECE,B,Dr. Divya Pillai,divya.t08@example.edu,Microprocessors,EC303,47,46
23ECB005,Meera Raman,meera.23ecb005@example.edu,+91 90000 00095,ECE,B,Dr. Divya Pillai,divya.t08@example.edu,Communication Theory,EC304,46,44
23ECB005,Meera Raman,meera.23ecb005@example.edu,+91 90000 00095,ECE,B,Dr. Divya Pillai,divya.t08@example.edu,Control Systems,EC305,47,45
23ECB005,Meera Raman,meera.23ecb005@example.edu,+91 90000 00095,ECE,B,Dr. Divya Pillai,divya.t08@example.edu,Electromagnetics,EC306,47,45
23ECB006,Janani Subramanian,janani.23ecb006@example.edu,+91 90000 00096,ECE,B,Dr. Divya Pillai,divya.t08@example.edu,Signals & Systems,EC301,60,56
23ECB006,Janani Subramanian,janani.23ecb006@example.edu,+91 90000 00096,ECE,B,Dr. Divya Pillai,divya.t08@example.edu,Digital Electronics,EC302,46,43
23ECB006,Janani Subramanian,janani.23ecb006@example.edu,+91 90000 00096,ECE,B,Dr. Divya Pillai,divya.t08@example.edu,Microprocessors,EC303,47,43
23ECB006,Janani Subramanian,janani.23ecb006@example.edu,+91 90000 00096,ECE,B,Dr. Divya Pillai,divya.t08@example.edu,Communication Theory,EC304,46,42
23ECB006,Janani Subramanian,janani.23ecb006@example.edu,+91 90000 00096,ECE,B,Dr. Divya Pillai,divya.t08@example.edu,Control Systems,EC305,47,44
23ECB006,Janani Subramanian,janani.23ecb006@example.edu,+91 90000 00096,ECE,B,Dr. Divya Pillai,divya.t08@example.edu,Electromagnetics,EC306,47,43
23ECB007,Janani Chandran,janani.23ecb007@example.edu,+91 90000 00097,ECE,B,Dr. Divya Pillai,divya.t08@example.edu,Signals & Systems,EC301,60,47
23ECB007,Janani Chandran,janani.23ecb007@example.edu,+91 90000 00097,ECE,B,Dr. Divya Pillai,divya.t08@example.edu,Digital Electronics,EC302,46,36
23ECB007,Janani Chandran,janani.23ecb007@example.edu,+91 90000 00097,ECE,B,Dr. Divya Pillai,divya.t08@example.edu,Microprocessors,EC303,47,37
23ECB007,Janani Chandran,janani.23ecb007@example.edu,+91 90000 00097,ECE,B,Dr. Divya Pillai,divya.t08@example.edu,Communication Theory,EC304,46,36
23ECB007,Janani Chandran,janani.23ecb007@example.edu,+91 90000 00097,ECE,B,Dr. Divya Pillai,divya.t08@example.edu,Control Systems,EC305,47,37
23ECB007,Janani Chandran,janani.23ecb007@example.edu,+91 90000 00097,ECE,B,Dr. Divya Pillai,divya.t08@example.edu,Electromagnetics,EC306,47,37
23ECB008,Rohan Subramanian,rohan.23ecb008@example.edu,+91 90000 00098,ECE,B,Dr. Divya Pillai,divya.t08@example.edu,Signals & Systems,EC301,60,58
23ECB008,Rohan Subramanian,rohan.23ecb008@example.edu,+91 90000 00098,ECE,B,Dr. Divya Pillai,divya.t08@example.edu,Digital Electronics,EC302,46,45
23ECB008,Rohan Subramanian,rohan.23ecb008@example.edu,+91 90000 00098,ECE,B,Dr. Divya Pillai,divya.t08@example.edu,Microprocessors,EC303,47,46
23ECB008,Rohan Subramanian,rohan.23ecb008@example.edu,+91 90000 00098,ECE,B,Dr. Divya Pillai,divya.t08@example.edu,Communication Theory,EC304,46,45
23ECB008,Rohan Subramanian,rohan.23ecb008@example.edu,+91 90000 00098,ECE,B,Dr. Divya Pillai,divya.t08@example.edu,Control Systems,EC305,47,46
23ECB008,Rohan Subramanian,rohan.23ecb008@example.edu,+91 90000 00098,ECE,B,Dr. Divya Pillai,divya.t08@example.edu,Electromagnetics,EC306,47,46
23ECB009,Pranav Balaji,pranav.23ecb009@example.edu,+91 90000 00099,ECE,B,Dr. Divya Pillai,divya.t08@example.edu,Signals & Systems,EC301,60,55
23ECB009,Pranav Balaji,pranav.23ecb009@example.edu,+91 90000 00099,ECE,B,Dr. Divya Pillai,divya.t08@example.edu,Digital Electronics,EC302,46,42
23ECB009,Pranav Balaji,pranav.23ecb009@example.edu,+91 90000 00099,ECE,B,Dr. Divya Pillai,divya.t08@example.edu,Microprocessors,EC303,47,43
23ECB009,Pranav Balaji,pranav.23ecb009@example.edu,+91 90000 00099,ECE,B,Dr. Divya Pillai,divya.t08@example.edu,Communication Theory,EC304,46,42
23ECB009,Pranav Balaji,pranav.23ecb009@example.edu,+91 90000 00099,ECE,B,Dr. Divya Pillai,divya.t08@example.edu,Control Systems,EC305,47,43
23ECB009,Pranav Balaji,pranav.23ecb009@example.edu,+91 90000 00099,ECE,B,Dr. Divya Pillai,divya.t08@example.edu,Electromagnetics,EC306,47,43
23ECB010,Nivetha Balaji,nivetha.23ecb010@example.edu,+91 90000 00100,ECE,B,Dr. Divya Pillai,divya.t08@example.edu,Signals & Systems,EC301,60,57
23ECB010,Nivetha Balaji,nivetha.23ecb010@example.edu,+91 90000 00100,ECE,B,Dr. Divya Pillai,divya.t08@example.edu,Digital Electronics,EC302,46,43
23ECB010,Nivetha Balaji,nivetha.23ecb010@example.edu,+91 90000 00100,ECE,B,Dr. Divya Pillai,divya.t08@example.edu,Microprocessors,EC303,47,44
23ECB010,Nivetha Balaji,nivetha.23ecb010@example.edu,+91 90000 00100,ECE,B,Dr. Divya Pillai,divya.t08@example.edu,Communication Theory,EC304,46,43
23ECB010,Nivetha Balaji,nivetha.23ecb010@example.edu,+91 90000 00100,ECE,B,Dr. Divya Pillai,divya.t08@example.edu,Control Systems,EC305,47,44
23ECB010,Nivetha Balaji,nivetha.23ecb010@example.edu,+91 90000 00100,ECE,B,Dr. Divya Pillai,divya.t08@example.edu,Electromagnetics,EC306,47,44
23ECB011,Surya Patel,surya.23ecb011@example.edu,+91 90000 00101,ECE,B,Dr. Divya Pillai,divya.t08@example.edu,Signals & Systems,EC301,60,58
23ECB011,Surya Patel,surya.23ecb011@example.edu,+91 90000 00101,ECE,B,Dr. Divya Pillai,divya.t08@example.edu,Digital Electronics,EC302,46,45
23ECB011,Surya Patel,surya.23ecb011@example.edu,+91 90000 00101,ECE,B,Dr. Divya Pillai,divya.t08@example.edu,Microprocessors,EC303,47,46
23ECB011,Surya Patel,surya.23ecb011@example.edu,+91 90000 00101,ECE,B,Dr. Divya Pillai,divya.t08@example.edu,Communication Theory,EC304,46,45
23ECB011,Surya Patel,surya.23ecb011@example.edu,+91 90000 00101,ECE,B,Dr. Divya Pillai,divya.t08@example.edu,Control Systems,EC305,47,45
23ECB011,Surya Patel,surya.23ecb011@example.edu,+91 90000 00101,ECE,B,Dr. Divya Pillai,divya.t08@example.edu,Electromagnetics,EC306,47,45
23ECB012,Siddharth Pillai,siddharth.23ecb012@example.edu,+91 90000 00102,ECE,B,Dr. Divya Pillai,divya.t08@example.edu,Signals & Systems,EC301,60,59
23ECB012,Siddharth Pillai,siddharth.23ecb012@example.edu,+91 90000 00102,ECE,B,Dr. Divya Pillai,divya.t08@example.edu,Digital Electronics,EC302,46,45
23ECB012,Siddharth Pillai,siddharth.23ecb012@example.edu,+91 90000 00102,ECE,B,Dr. Divya Pillai,divya.t08@example.edu,Microprocessors,EC303,47,46
23ECB012,Siddharth Pillai,siddharth.23ecb012@example.edu,+91 90000 00102,ECE,B,Dr. Divya Pillai,divya.t08@example.edu,Communication Theory,EC304,46,46
23ECB012,Siddharth Pillai,siddharth.23ecb012@example.edu,+91 90000 00102,ECE,B,Dr. Divya Pillai,divya.t08@example.edu,Control Systems,EC305,47,46
23ECB012,Siddharth Pillai,siddharth.23ecb012@example.edu,+91 90000 00102,ECE,B,Dr. Divya Pillai,divya.t08@example.edu,Electromagnetics,EC306,47,46
23ECB013,Lavanya Venkatesh,lavanya.23ecb013@example.edu,+91 90000 00103,ECE,B,Dr. Divya Pillai,divya.t08@example.edu,Signals & Systems,EC301,60,41
23ECB013,Lavanya Venkatesh,lavanya.23ecb013@example.edu,+91 90000 00103,ECE,B,Dr. Divya Pillai,divya.t08@example.edu,Digital Electronics,EC302,46,31
23ECB013,Lavanya Venkatesh,lavanya.23ecb013@example.edu,+91 90000 00103,ECE,B,Dr. Divya Pillai,divya.t08@example.edu,Microprocessors,EC303,47,33
23ECB013,Lavanya Venkatesh,lavanya.23ecb013@example.edu,+91 90000 00103,ECE,B,Dr. Divya Pillai,divya.t08@example.edu,Communication Theory,EC304,46,32
23ECB013,Lavanya Venkatesh,lavanya.23ecb013@example.edu,+91 90000 00103,ECE,B,Dr. Divya Pillai,divya.t08@example.edu,Control Systems,EC305,47,33
23ECB013,Lavanya Venkatesh,lavanya.23ecb013@example.edu,+91 90000 00103,ECE,B,Dr. Divya Pillai,divya.t08@example.edu,Electromagnetics,EC306,47,33
23ECB014,Surya Patel,surya.23ecb014@example.edu,+91 90000 00104,ECE,B,Dr. Divya Pillai,divya.t08@example.edu,Signals & Systems,EC301,60,55
23ECB014,Surya Patel,surya.23ecb014@example.edu,+91 90000 00104,ECE,B,Dr. Divya Pillai,divya.t08@example.edu,Digital Electronics,EC302,46,42
23ECB014,Surya Patel,surya.23ecb014@example.edu,+91 90000 00104,ECE,B,Dr. Divya Pillai,divya.t08@example.edu,Microprocessors,EC303,47,43
23ECB014,Surya Patel,surya.23ecb014@example.edu,+91 90000 00104,ECE,B,Dr. Divya Pillai,divya.t08@example.edu,Communication Theory,EC304,46,42
23ECB014,Surya Patel,surya.23ecb014@example.edu,+91 90000 00104,ECE,B,Dr. Divya Pillai,divya.t08@example.edu,Control Systems,EC305,47,43
23ECB014,Surya Patel,surya.23ecb014@example.edu,+91 90000 00104,ECE,B,Dr. Divya Pillai,divya.t08@example.edu,Electromagnetics,EC306,47,43
23ECB015,Sneha Sharma,sneha.23ecb015@example.edu,+91 90000 00105,ECE,B,Dr. Divya Pillai,divya.t08@example.edu,Signals & Systems,EC301,60,57
23ECB015,Sneha Sharma,sneha.23ecb015@example.edu,+91 90000 00105,ECE,B,Dr. Divya Pillai,divya.t08@example.edu,Digital Electronics,EC302,46,44
23ECB015,Sneha Sharma,sneha.23ecb015@example.edu,+91 90000 00105,ECE,B,Dr. Divya Pillai,divya.t08@example.edu,Microprocessors,EC303,47,45
23ECB015,Sneha Sharma,sneha.23ecb015@example.edu,+91 90000 00105,ECE,B,Dr. Divya Pillai,divya.t08@example.edu,Communication Theory,EC304,46,44
23ECB015,Sneha Sharma,sneha.23ecb015@example.edu,+91 90000 00105,ECE,B,Dr. Divya Pillai,divya.t08@example.edu,Control Systems,EC305,47,45
23ECB015,Sneha Sharma,sneha.23ecb015@example.edu,+91 90000 00105,ECE,B,Dr. Divya Pillai,divya.t08@example.edu,Electromagnetics,EC306,47,45
23ECB016,Swathi Iyer,swathi.23ecb016@example.edu,+91 90000 00106,ECE,B,Dr. Divya Pillai,divya.t08@example.edu,Signals & Systems,EC301,60,57
23ECB016,Swathi Iyer,swathi.23ecb016@example.edu,+91 90000 00106,ECE,B,Dr. Divya Pillai,divya.t08@example.edu,Digital Electronics,EC302,46,44
23ECB016,Swathi Iyer,swathi.23ecb016@example.edu,+91 90000 00106,ECE,B,Dr. Divya Pillai,divya.t08@example.edu,Microprocessors,EC303,47,45
23ECB016,Swathi Iyer,swathi.23ecb016@example.edu,+91 90000 00106,ECE,B,Dr. Divya Pillai,divya.t08@example.edu,Communication Theory,EC304,46,44
23ECB016,Swathi Iyer,swathi.23ecb016@example.edu,+91 90000 00106,ECE,B,Dr. Divya Pillai,divya.t08@example.edu,Control Systems,EC305,47,45
23ECB016,Swathi Iyer,swathi.23ecb016@example.edu,+91 90000 00106,ECE,B,Dr. Divya Pillai,divya.t08@example.edu,Electromagnetics,EC306,47,45
23ECB017,Pooja Joshi,pooja.23ecb017@example.edu,+91 90000 00107,ECE,B,Dr. Divya Pillai,divya.t08@example.edu,Signals & Systems,EC301,60,57
23ECB017,Pooja Joshi,pooja.23ecb017@example.edu,+91 90000 00107,ECE,B,Dr. Divya Pillai,divya.t08@example.edu,Digital Electronics,EC302,46,43
23ECB017,Pooja Joshi,pooja.23ecb017@example.edu,+91 90000 00107,ECE,B,Dr. Divya Pillai,divya.t08@example.edu,Microprocessors,EC303,47,44
23ECB017,Pooja Joshi,pooja.23ecb017@example.edu,+91 90000 00107,ECE,B,Dr. Divya Pillai,divya.t08@example.edu,Communication Theory,EC304,46,43
23ECB017,Pooja Joshi,pooja.23ecb017@example.edu,+91 90000 00107,ECE,B,Dr. Divya Pillai,divya.t08@example.edu,Control Systems,EC305,47,45
23ECB017,Pooja Joshi,pooja.23ecb017@example.edu,+91 90000 00107,ECE,B,Dr. Divya Pillai,divya.t08@example.edu,Electromagnetics,EC306,47,44
23ECB018,Vivek Sharma,vivek.23ecb018@example.edu,+91 90000 00108,ECE,B,Dr. Divya Pillai,divya.t08@example.edu,Signals & Systems,EC301,60,58
23ECB018,Vivek Sharma,vivek.23ecb018@example.edu,+91 90000 00108,ECE,B,Dr. Divya Pillai,divya.t08@example.edu,Digital Electronics,EC302,46,45
23ECB018,Vivek Sharma,vivek.23ecb018@example.edu,+91 90000 00108,ECE,B,Dr. Divya Pillai,divya.t08@example.edu,Microprocessors,EC303,47,46
23ECB018,Vivek Sharma,vivek.23ecb018@example.edu,+91 90000 00108,ECE,B,Dr. Divya Pillai,divya.t08@example.edu,Communication Theory,EC304,46,45
23ECB018,Vivek Sharma,vivek.23ecb018@example.edu,+91 90000 00108,ECE,B,Dr. Divya Pillai,divya.t08@example.edu,Control Systems,EC305,47,46
23ECB018,Vivek Sharma,vivek.23ecb018@example.edu,+91 90000 00108,ECE,B,Dr. Divya Pillai,divya.t08@example.edu,Electromagnetics,EC306,47,46
23ECB019,Bhavana Mishra,bhavana.23ecb019@example.edu,+91 90000 00109,ECE,B,Dr. Divya Pillai,divya.t08@example.edu,Signals & Systems,EC301,60,51
23ECB019,Bhavana Mishra,bhavana.23ecb019@example.edu,+91 90000 00109,ECE,B,Dr. Divya Pillai,divya.t08@example.edu,Digital Electronics,EC302,46,39
23ECB019,Bhavana Mishra,bhavana.23ecb019@example.edu,+91 90000 00109,ECE,B,Dr. Divya Pillai,divya.t08@example.edu,Microprocessors,EC303,47,40
23ECB019,Bhavana Mishra,bhavana.23ecb019@example.edu,+91 90000 00109,ECE,B,Dr. Divya Pillai,divya.t08@example.edu,Communication Theory,EC304,46,40
23ECB019,Bhavana Mishra,bhavana.23ecb019@example.edu,+91 90000 00109,ECE,B,Dr. Divya Pillai,divya.t08@example.edu,Control Systems,EC305,47,40
23ECB019,Bhavana Mishra,bhavana.23ecb019@example.edu,+91 90000 00109,ECE,B,Dr. Divya Pillai,divya.t08@example.edu,Electromagnetics,EC306,47,41
23ECB020,Akash Patel,akash.23ecb020@example.edu,+91 90000 00110,ECE,B,Dr. Divya Pillai,divya.t08@example.edu,Signals & Systems,EC301,60,60
23ECB020,Akash Patel,akash.23ecb020@example.edu,+91 90000 00110,ECE,B,Dr. Divya Pillai,divya.t08@example.edu,Digital Electronics,EC302,46,45
23ECB020,Akash Patel,akash.23ecb020@example.edu,+91 90000 00110,ECE,B,Dr. Divya Pillai,divya.t08@example.edu,Microprocessors,EC303,47,46
23ECB020,Akash Patel,akash.23ecb020@example.edu,+91 90000 00110,ECE,B,Dr. Divya Pillai,divya.t08@example.edu,Communication Theory,EC304,46,45
23ECB020,Akash Patel,akash.23ecb020@example.edu,+91 90000 00110,ECE,B,Dr. Divya Pillai,divya.t08@example.edu,Control Systems,EC305,47,47
23ECB020,Akash Patel,akash.23ecb020@example.edu,+91 90000 00110,ECE,B,Dr. Divya Pillai,divya.t08@example.edu,Electromagnetics,EC306,47,47
23ECB021,Ananya Chandran,ananya.23ecb021@example.edu,+91 90000 00111,ECE,B,Dr. Divya Pillai,divya.t08@example.edu,Signals & Systems,EC301,60,46
23ECB021,Ananya Chandran,ananya.23ecb021@example.edu,+91 90000 00111,ECE,B,Dr. Divya Pillai,divya.t08@example.edu,Digital Electronics,EC302,46,35
23ECB021,Ananya Chandran,ananya.23ecb021@example.edu,+91 90000 00111,ECE,B,Dr. Divya Pillai,divya.t08@example.edu,Microprocessors,EC303,47,36
23ECB021,Ananya Chandran,ananya.23ecb021@example.edu,+91 90000 00111,ECE,B,Dr. Divya Pillai,divya.t08@example.edu,Communication Theory,EC304,46,35
23ECB021,Ananya Chandran,ananya.23ecb021@example.edu,+91 90000 00111,ECE,B,Dr. Divya Pillai,divya.t08@example.edu,Control Systems,EC305,47,36
23ECB021,Ananya Chandran,ananya.23ecb021@example.edu,+91 90000 00111,ECE,B,Dr. Divya Pillai,divya.t08@example.edu,Electromagnetics,EC306,47,36
23ECB022,Manoj Rao,manoj.23ecb022@example.edu,+91 90000 00112,ECE,B,Dr. Divya Pillai,divya.t08@example.edu,Signals & Systems,EC301,60,56
23ECB022,Manoj Rao,manoj.23ecb022@example.edu,+91 90000 00112,ECE,B,Dr. Divya Pillai,divya.t08@example.edu,Digital Electronics,EC302,46,43
23ECB022,Manoj Rao,manoj.23ecb022@example.edu,+91 90000 00112,ECE,B,Dr. Divya Pillai,divya.t08@example.edu,Microprocessors,EC303,47,44
23ECB022,Manoj Rao,manoj.23ecb022@example.edu,+91 90000 00112,ECE,B,Dr. Divya Pillai,divya.t08@example.edu,Communication Theory,EC304,46,43
23ECB022,Manoj Rao,manoj.23ecb022@example.edu,+91 90000 00112,ECE,B,Dr. Divya Pillai,divya.t08@example.edu,Control Systems,EC305,47,44
23ECB022,Manoj Rao,manoj.23ecb022@example.edu,+91 90000 00112,ECE,B,Dr. Divya Pillai,divya.t08@example.edu,Electromagnetics,EC306,47,44
23ECB023,Pooja Chandran,pooja.23ecb023@example.edu,+91 90000 00113,ECE,B,Dr. Divya Pillai,divya.t08@example.edu,Signals & Systems,EC301,60,54
23ECB023,Pooja Chandran,pooja.23ecb023@example.edu,+91 90000 00113,ECE,B,Dr. Divya Pillai,divya.t08@example.edu,Digital Electronics,EC302,46,42
23ECB023,Pooja Chandran,pooja.23ecb023@example.edu,+91 90000 00113,ECE,B,Dr. Divya Pillai,divya.t08@example.edu,Microprocessors,EC303,47,43
23ECB023,Pooja Chandran,pooja.23ecb023@example.edu,+91 90000 00113,ECE,B,Dr. Divya Pillai,divya.t08@example.edu,Communication Theory,EC304,46,42
23ECB023,Pooja Chandran,pooja.23ecb023@example.edu,+91 90000 00113,ECE,B,Dr. Divya Pillai,divya.t08@example.edu,Control Systems,EC305,47,43
23ECB023,Pooja Chandran,pooja.23ecb023@example.edu,+91 90000 00113,ECE,B,Dr. Divya Pillai,divya.t08@example.edu,Electromagnetics,EC306,47,43
23ECB024,Gokul Raman,gokul.23ecb024@example.edu,+91 90000 00114,ECE,B,Dr. Divya Pillai,divya.t08@example.edu,Signals & Systems,EC301,60,55
23ECB024,Gokul Raman,gokul.23ecb024@example.edu,+91 90000 00114,ECE,B,Dr. Divya Pillai,divya.t08@example.edu,Digital Electronics,EC302,46,42
23ECB024,Gokul Raman,gokul.23ecb024@example.edu,+91 90000 00114,ECE,B,Dr. Divya Pillai,divya.t08@example.edu,Microprocessors,EC303,47,44
23ECB024,Gokul Raman,gokul.23ecb024@example.edu,+91 90000 00114,ECE,B,Dr. Divya Pillai,divya.t08@example.edu,Communication Theory,EC304,46,42
23ECB024,Gokul Raman,gokul.23ecb024@example.edu,+91 90000 00114,ECE,B,Dr. Divya Pillai,divya.t08@example.edu,Control Systems,EC305,47,43
23ECB024,Gokul Raman,gokul.23ecb024@example.edu,+91 90000 00114,ECE,B,Dr. Divya Pillai,divya.t08@example.edu,Electromagnetics,EC306,47,44
23ECB025,Ishita Chandran,ishita.23ecb025@example.edu,+91 90000 00115,ECE,B,Dr. Divya Pillai,divya.t08@example.edu,Signals & Systems,EC301,60,57
23ECB025,Ishita Chandran,ishita.23ecb025@example.edu,+91 90000 00115,ECE,B,Dr. Divya Pillai,divya.t08@example.edu,Digital Electronics,EC302,46,44
23ECB025,Ishita Chandran,ishita.23ecb025@example.edu,+91 90000 00115,ECE,B,Dr. Divya Pillai,divya.t08@example.edu,Microprocessors,EC303,47,45
23ECB025,Ishita Chandran,ishita.23ecb025@example.edu,+91 90000 00115,ECE,B,Dr. Divya Pillai,divya.t08@example.edu,Communication Theory,EC304,46,44
23ECB025,Ishita Chandran,ishita.23ecb025@example.edu,+91 90000 00115,ECE,B,Dr. Divya Pillai,divya.t08@example.edu,Control Systems,EC305,47,46
23ECB025,Ishita Chandran,ishita.23ecb025@example.edu,+91 90000 00115,ECE,B,Dr. Divya Pillai,divya.t08@example.edu,Electromagnetics,EC306,47,46
23ECB026,Kavya Mishra,kavya.23ecb026@example.edu,+91 90000 00116,ECE,B,Dr. Divya Pillai,divya.t08@example.edu,Signals & Systems,EC301,60,57
23ECB026,Kavya Mishra,kavya.23ecb026@example.edu,+91 90000 00116,ECE,B,Dr. Divya Pillai,divya.t08@example.edu,Digital Electronics,EC302,46,44
23ECB026,Kavya Mishra,kavya.23ecb026@example.edu,+91 90000 00116,ECE,B,Dr. Divya Pillai,divya.t08@example.edu,Microprocessors,EC303,47,44
23ECB026,Kavya Mishra,kavya.23ecb026@example.edu,+91 90000 00116,ECE,B,Dr. Divya Pillai,divya.t08@example.edu,Communication Theory,EC304,46,44
23ECB026,Kavya Mishra,kavya.23ecb026@example.edu,+91 90000 00116,ECE,B,Dr. Divya Pillai,divya.t08@example.edu,Control Systems,EC305,47,44
23ECB026,Kavya Mishra,kavya.23ecb026@example.edu,+91 90000 00116,ECE,B,Dr. Divya Pillai,divya.t08@example.edu,Electromagnetics,EC306,47,44
23ECB027,Meera Patel,meera.23ecb027@example.edu,+91 90000 00117,ECE,B,Dr. Divya Pillai,divya.t08@example.edu,Signals & Systems,EC301,60,46
23ECB027,Meera Patel,meera.23ecb027@example.edu,+91 90000 00117,ECE,B,Dr. Divya Pillai,divya.t08@example.edu,Digital Electronics,EC302,46,35
23ECB027,Meera Patel,meera.23ecb027@example.edu,+91 90000 00117,ECE,B,Dr. Divya Pillai,divya.t08@example.edu,Microprocessors,EC303,47,36
23ECB027,Meera Patel,meera.23ecb027@example.edu,+91 90000 00117,ECE,B,Dr. Divya Pillai,divya.t08@example.edu,Communication Theory,EC304,46,36
23ECB027,Meera Patel,meera.23ecb027@example.edu,+91 90000 00117,ECE,B,Dr. Divya Pillai,divya.t08@example.edu,Control Systems,EC305,47,36
23ECB027,Meera Patel,meera.23ecb027@example.edu,+91 90000 00117,ECE,B,Dr. Divya Pillai,divya.t08@example.edu,Electromagnetics,EC306,47,36
23ECB028,Swathi Bose,swathi.23ecb028@example.edu,+91 90000 00118,ECE,B,Dr. Divya Pillai,divya.t08@example.edu,Signals & Systems,EC301,60,57
23ECB028,Swathi Bose,swathi.23ecb028@example.edu,+91 90000 00118,ECE,B,Dr. Divya Pillai,divya.t08@example.edu,Digital Electronics,EC302,46,44
23ECB028,Swathi Bose,swathi.23ecb028@example.edu,+91 90000 00118,ECE,B,Dr. Divya Pillai,divya.t08@example.edu,Microprocessors,EC303,47,45
23ECB028,Swathi Bose,swathi.23ecb028@example.edu,+91 90000 00118,ECE,B,Dr. Divya Pillai,divya.t08@example.edu,Communication Theory,EC304,46,44
23ECB028,Swathi Bose,swathi.23ecb028@example.edu,+91 90000 00118,ECE,B,Dr. Divya Pillai,divya.t08@example.edu,Control Systems,EC305,47,44
23ECB028,Swathi Bose,swathi.23ecb028@example.edu,+91 90000 00118,ECE,B,Dr. Divya Pillai,divya.t08@example.edu,Electromagnetics,EC306,47,44
23ECB029,Harini Menon,harini.23ecb029@example.edu,+91 90000 00119,ECE,B,Dr. Divya Pillai,divya.t08@example.edu,Signals & Systems,EC301,60,57
23ECB029,Harini Menon,harini.23ecb029@example.edu,+91 90000 00119,ECE,B,Dr. Divya Pillai,divya.t08@example.edu,Digital Electronics,EC302,46,44
23ECB029,Harini Menon,harini.23ecb029@example.edu,+91 90000 00119,ECE,B,Dr. Divya Pillai,divya.t08@example.edu,Microprocessors,EC303,47,45
23ECB029,Harini Menon,harini.23ecb029@example.edu,+91 90000 00119,ECE,B,Dr. Divya Pillai,divya.t08@example.edu,Communication Theory,EC304,46,44
23ECB029,Harini Menon,harini.23ecb029@example.edu,+91 90000 00119,ECE,B,Dr. Divya Pillai,divya.t08@example.edu,Control Systems,EC305,47,44
23ECB029,Harini Menon,harini.23ecb029@example.edu,+91 90000 00119,ECE,B,Dr. Divya Pillai,divya.t08@example.edu,Electromagnetics,EC306,47,45
23ECB030,Revathi Joshi,revathi.23ecb030@example.edu,+91 90000 00120,ECE,B,Dr. Divya Pillai,divya.t08@example.edu,Signals & Systems,EC301,60,55
23ECB030,Revathi Joshi,revathi.23ecb030@example.edu,+91 90000 00120,ECE,B,Dr. Divya Pillai,divya.t08@example.edu,Digital Electronics,EC302,46,43
23ECB030,Revathi Joshi,revathi.23ecb030@example.edu,+91 90000 00120,ECE,B,Dr. Divya Pillai,divya.t08@example.edu,Microprocessors,EC303,47,44
23ECB030,Revathi Joshi,revathi.23ecb030@example.edu,+91 90000 00120,ECE,B,Dr. Divya Pillai,divya.t08@example.edu,Communication Theory,EC304,46,43
23ECB030,Revathi Joshi,revathi.23ecb030@example.edu,+91 90000 00120,ECE,B,Dr. Divya Pillai,divya.t08@example.edu,Control Systems,EC305,47,44
23ECB030,Revathi Joshi,revathi.23ecb030@example.edu,+91 90000 00120,ECE,B,Dr. Divya Pillai,divya.t08@example.edu,Electromagnetics,EC306,47,44
23EEA001,Varun Iyer,varun.23eea001@example.edu,+91 90000 00181,EEE,A,Prof. Srinivasan Nair,srinivasan.t17@example.edu,Electrical Machines,EE301,60,57
23EEA001,Varun Iyer,varun.23eea001@example.edu,+91 90000 00181,EEE,A,Prof. Srinivasan Nair,srinivasan.t17@example.edu,Power Systems,EE302,46,44
23EEA001,Varun Iyer,varun.23eea001@example.edu,+91 90000 00181,EEE,A,Prof. Srinivasan Nair,srinivasan.t17@example.edu,Power Electronics,EE303,46,44
23EEA001,Varun Iyer,varun.23eea001@example.edu,+91 90000 00181,EEE,A,Prof. Srinivasan Nair,srinivasan.t17@example.edu,Control Engineering,EE304,46,44
23EEA001,Varun Iyer,varun.23eea001@example.edu,+91 90000 00181,EEE,A,Prof. Srinivasan Nair,srinivasan.t17@example.edu,Measurements & Instrumentation,EE305,46,44
23EEA001,Varun Iyer,varun.23eea001@example.edu,+91 90000 00181,EEE,A,Prof. Srinivasan Nair,srinivasan.t17@example.edu,Circuit Theory,EE306,46,44
23EEA002,Pooja Mishra,pooja.23eea002@example.edu,+91 90000 00182,EEE,A,Prof. Srinivasan Nair,srinivasan.t17@example.edu,Electrical Machines,EE301,60,59
23EEA002,Pooja Mishra,pooja.23eea002@example.edu,+91 90000 00182,EEE,A,Prof. Srinivasan Nair,srinivasan.t17@example.edu,Power Systems,EE302,46,45
23EEA002,Pooja Mishra,pooja.23eea002@example.edu,+91 90000 00182,EEE,A,Prof. Srinivasan Nair,srinivasan.t17@example.edu,Power Electronics,EE303,46,45
23EEA002,Pooja Mishra,pooja.23eea002@example.edu,+91 90000 00182,EEE,A,Prof. Srinivasan Nair,srinivasan.t17@example.edu,Control Engineering,EE304,46,45
23EEA002,Pooja Mishra,pooja.23eea002@example.edu,+91 90000 00182,EEE,A,Prof. Srinivasan Nair,srinivasan.t17@example.edu,Measurements & Instrumentation,EE305,46,45
23EEA002,Pooja Mishra,pooja.23eea002@example.edu,+91 90000 00182,EEE,A,Prof. Srinivasan Nair,srinivasan.t17@example.edu,Circuit Theory,EE306,46,45
23EEA003,Diya Sharma,diya.23eea003@example.edu,+91 90000 00183,EEE,A,Prof. Srinivasan Nair,srinivasan.t17@example.edu,Electrical Machines,EE301,60,55
23EEA003,Diya Sharma,diya.23eea003@example.edu,+91 90000 00183,EEE,A,Prof. Srinivasan Nair,srinivasan.t17@example.edu,Power Systems,EE302,46,42
23EEA003,Diya Sharma,diya.23eea003@example.edu,+91 90000 00183,EEE,A,Prof. Srinivasan Nair,srinivasan.t17@example.edu,Power Electronics,EE303,46,42
23EEA003,Diya Sharma,diya.23eea003@example.edu,+91 90000 00183,EEE,A,Prof. Srinivasan Nair,srinivasan.t17@example.edu,Control Engineering,EE304,46,43
23EEA003,Diya Sharma,diya.23eea003@example.edu,+91 90000 00183,EEE,A,Prof. Srinivasan Nair,srinivasan.t17@example.edu,Measurements & Instrumentation,EE305,46,43
23EEA003,Diya Sharma,diya.23eea003@example.edu,+91 90000 00183,EEE,A,Prof. Srinivasan Nair,srinivasan.t17@example.edu,Circuit Theory,EE306,46,43
23EEA004,Keerthana Krishnan,keerthana.23eea004@example.edu,+91 90000 00184,EEE,A,Prof. Srinivasan Nair,srinivasan.t17@example.edu,Electrical Machines,EE301,60,51
23EEA004,Keerthana Krishnan,keerthana.23eea004@example.edu,+91 90000 00184,EEE,A,Prof. Srinivasan Nair,srinivasan.t17@example.edu,Power Systems,EE302,46,39
23EEA004,Keerthana Krishnan,keerthana.23eea004@example.edu,+91 90000 00184,EEE,A,Prof. Srinivasan Nair,srinivasan.t17@example.edu,Power Electronics,EE303,46,39
23EEA004,Keerthana Krishnan,keerthana.23eea004@example.edu,+91 90000 00184,EEE,A,Prof. Srinivasan Nair,srinivasan.t17@example.edu,Control Engineering,EE304,46,39
23EEA004,Keerthana Krishnan,keerthana.23eea004@example.edu,+91 90000 00184,EEE,A,Prof. Srinivasan Nair,srinivasan.t17@example.edu,Measurements & Instrumentation,EE305,46,39
23EEA004,Keerthana Krishnan,keerthana.23eea004@example.edu,+91 90000 00184,EEE,A,Prof. Srinivasan Nair,srinivasan.t17@example.edu,Circuit Theory,EE306,46,39
23EEA005,Manoj Joshi,manoj.23eea005@example.edu,+91 90000 00185,EEE,A,Prof. Srinivasan Nair,srinivasan.t17@example.edu,Electrical Machines,EE301,60,55
23EEA005,Manoj Joshi,manoj.23eea005@example.edu,+91 90000 00185,EEE,A,Prof. Srinivasan Nair,srinivasan.t17@example.edu,Power Systems,EE302,46,43
23EEA005,Manoj Joshi,manoj.23eea005@example.edu,+91 90000 00185,EEE,A,Prof. Srinivasan Nair,srinivasan.t17@example.edu,Power Electronics,EE303,46,43
23EEA005,Manoj Joshi,manoj.23eea005@example.edu,+91 90000 00185,EEE,A,Prof. Srinivasan Nair,srinivasan.t17@example.edu,Control Engineering,EE304,46,43
23EEA005,Manoj Joshi,manoj.23eea005@example.edu,+91 90000 00185,EEE,A,Prof. Srinivasan Nair,srinivasan.t17@example.edu,Measurements & Instrumentation,EE305,46,43
23EEA005,Manoj Joshi,manoj.23eea005@example.edu,+91 90000 00185,EEE,A,Prof. Srinivasan Nair,srinivasan.t17@example.edu,Circuit Theory,EE306,46,42
23EEA006,Priyanka Menon,priyanka.23eea006@example.edu,+91 90000 00186,EEE,A,Prof. Srinivasan Nair,srinivasan.t17@example.edu,Electrical Machines,EE301,60,46
23EEA006,Priyanka Menon,priyanka.23eea006@example.edu,+91 90000 00186,EEE,A,Prof. Srinivasan Nair,srinivasan.t17@example.edu,Power Systems,EE302,46,36
23EEA006,Priyanka Menon,priyanka.23eea006@example.edu,+91 90000 00186,EEE,A,Prof. Srinivasan Nair,srinivasan.t17@example.edu,Power Electronics,EE303,46,36
23EEA006,Priyanka Menon,priyanka.23eea006@example.edu,+91 90000 00186,EEE,A,Prof. Srinivasan Nair,srinivasan.t17@example.edu,Control Engineering,EE304,46,36
23EEA006,Priyanka Menon,priyanka.23eea006@example.edu,+91 90000 00186,EEE,A,Prof. Srinivasan Nair,srinivasan.t17@example.edu,Measurements & Instrumentation,EE305,46,35
23EEA006,Priyanka Menon,priyanka.23eea006@example.edu,+91 90000 00186,EEE,A,Prof. Srinivasan Nair,srinivasan.t17@example.edu,Circuit Theory,EE306,46,35
23EEA007,Harini Joshi,harini.23eea007@example.edu,+91 90000 00187,EEE,A,Prof. Srinivasan Nair,srinivasan.t17@example.edu,Electrical Machines,EE301,60,55
23EEA007,Harini Joshi,harini.23eea007@example.edu,+91 90000 00187,EEE,A,Prof. Srinivasan Nair,srinivasan.t17@example.edu,Power Systems,EE302,46,42
23EEA007,Harini Joshi,harini.23eea007@example.edu,+91 90000 00187,EEE,A,Prof. Srinivasan Nair,srinivasan.t17@example.edu,Power Electronics,EE303,46,42
23EEA007,Harini Joshi,harini.23eea007@example.edu,+91 90000 00187,EEE,A,Prof. Srinivasan Nair,srinivasan.t17@example.edu,Control Engineering,EE304,46,42
23EEA007,Harini Joshi,harini.23eea007@example.edu,+91 90000 00187,EEE,A,Prof. Srinivasan Nair,srinivasan.t17@example.edu,Measurements & Instrumentation,EE305,46,42
23EEA007,Harini Joshi,harini.23eea007@example.edu,+91 90000 00187,EEE,A,Prof. Srinivasan Nair,srinivasan.t17@example.edu,Circuit Theory,EE306,46,42
23EEA008,Ashwin Reddy,ashwin.23eea008@example.edu,+91 90000 00188,EEE,A,Prof. Srinivasan Nair,srinivasan.t17@example.edu,Electrical Machines,EE301,60,42
23EEA008,Ashwin Reddy,ashwin.23eea008@example.edu,+91 90000 00188,EEE,A,Prof. Srinivasan Nair,srinivasan.t17@example.edu,Power Systems,EE302,46,32
23EEA008,Ashwin Reddy,ashwin.23eea008@example.edu,+91 90000 00188,EEE,A,Prof. Srinivasan Nair,srinivasan.t17@example.edu,Power Electronics,EE303,46,32
23EEA008,Ashwin Reddy,ashwin.23eea008@example.edu,+91 90000 00188,EEE,A,Prof. Srinivasan Nair,srinivasan.t17@example.edu,Control Engineering,EE304,46,32
23EEA008,Ashwin Reddy,ashwin.23eea008@example.edu,+91 90000 00188,EEE,A,Prof. Srinivasan Nair,srinivasan.t17@example.edu,Measurements & Instrumentation,EE305,46,32
23EEA008,Ashwin Reddy,ashwin.23eea008@example.edu,+91 90000 00188,EEE,A,Prof. Srinivasan Nair,srinivasan.t17@example.edu,Circuit Theory,EE306,46,32
23EEA009,Naveen Das,naveen.23eea009@example.edu,+91 90000 00189,EEE,A,Prof. Srinivasan Nair,srinivasan.t17@example.edu,Electrical Machines,EE301,60,56
23EEA009,Naveen Das,naveen.23eea009@example.edu,+91 90000 00189,EEE,A,Prof. Srinivasan Nair,srinivasan.t17@example.edu,Power Systems,EE302,46,43
23EEA009,Naveen Das,naveen.23eea009@example.edu,+91 90000 00189,EEE,A,Prof. Srinivasan Nair,srinivasan.t17@example.edu,Power Electronics,EE303,46,43
23EEA009,Naveen Das,naveen.23eea009@example.edu,+91 90000 00189,EEE,A,Prof. Srinivasan Nair,srinivasan.t17@example.edu,Control Engineering,EE304,46,43
23EEA009,Naveen Das,naveen.23eea009@example.edu,+91 90000 00189,EEE,A,Prof. Srinivasan Nair,srinivasan.t17@example.edu,Measurements & Instrumentation,EE305,46,43
23EEA009,Naveen Das,naveen.23eea009@example.edu,+91 90000 00189,EEE,A,Prof. Srinivasan Nair,srinivasan.t17@example.edu,Circuit Theory,EE306,46,43
23EEA010,Bhavana Raman,bhavana.23eea010@example.edu,+91 90000 00190,EEE,A,Prof. Srinivasan Nair,srinivasan.t17@example.edu,Electrical Machines,EE301,60,55
23EEA010,Bhavana Raman,bhavana.23eea010@example.edu,+91 90000 00190,EEE,A,Prof. Srinivasan Nair,srinivasan.t17@example.edu,Power Systems,EE302,46,42
23EEA010,Bhavana Raman,bhavana.23eea010@example.edu,+91 90000 00190,EEE,A,Prof. Srinivasan Nair,srinivasan.t17@example.edu,Power Electronics,EE303,46,43
23EEA010,Bhavana Raman,bhavana.23eea010@example.edu,+91 90000 00190,EEE,A,Prof. Srinivasan Nair,srinivasan.t17@example.edu,Control Engineering,EE304,46,43
23EEA010,Bhavana Raman,bhavana.23eea010@example.edu,+91 90000 00190,EEE,A,Prof. Srinivasan Nair,srinivasan.t17@example.edu,Measurements & Instrumentation,EE305,46,43
23EEA010,Bhavana Raman,bhavana.23eea010@example.edu,+91 90000 00190,EEE,A,Prof. Srinivasan Nair,srinivasan.t17@example.edu,Circuit Theory,EE306,46,43
23EEA011,Swathi Mishra,swathi.23eea011@example.edu,+91 90000 00191,EEE,A,Prof. Srinivasan Nair,srinivasan.t17@example.edu,Electrical Machines,EE301,60,56
23EEA011,Swathi Mishra,swathi.23eea011@example.edu,+91 90000 00191,EEE,A,Prof. Srinivasan Nair,srinivasan.t17@example.edu,Power Systems,EE302,46,44
23EEA011,Swathi Mishra,swathi.23eea011@example.edu,+91 90000 00191,EEE,A,Prof. Srinivasan Nair,srinivasan.t17@example.edu,Power Electronics,EE303,46,43
23EEA011,Swathi Mishra,swathi.23eea011@example.edu,+91 90000 00191,EEE,A,Prof. Srinivasan Nair,srinivasan.t17@example.edu,Control Engineering,EE304,46,43
23EEA011,Swathi Mishra,swathi.23eea011@example.edu,+91 90000 00191,EEE,A,Prof. Srinivasan Nair,srinivasan.t17@example.edu,Measurements & Instrumentation,EE305,46,43
23EEA011,Swathi Mishra,swathi.23eea011@example.edu,+91 90000 00191,EEE,A,Prof. Srinivasan Nair,srinivasan.t17@example.edu,Circuit Theory,EE306,46,43
23EEA012,Arjun Mishra,arjun.23eea012@example.edu,+91 90000 00192,EEE,A,Prof. Srinivasan Nair,srinivasan.t17@example.edu,Electrical Machines,EE301,60,52
23EEA012,Arjun Mishra,arjun.23eea012@example.edu,+91 90000 00192,EEE,A,Prof. Srinivasan Nair,srinivasan.t17@example.edu,Power Systems,EE302,46,40
23EEA012,Arjun Mishra,arjun.23eea012@example.edu,+91 90000 00192,EEE,A,Prof. Srinivasan Nair,srinivasan.t17@example.edu,Power Electronics,EE303,46,40
23EEA012,Arjun Mishra,arjun.23eea012@example.edu,+91 90000 00192,EEE,A,Prof. Srinivasan Nair,srinivasan.t17@example.edu,Control Engineering,EE304,46,39
23EEA012,Arjun Mishra,arjun.23eea012@example.edu,+91 90000 00192,EEE,A,Prof. Srinivasan Nair,srinivasan.t17@example.edu,Measurements & Instrumentation,EE305,46,40
23EEA012,Arjun Mishra,arjun.23eea012@example.edu,+91 90000 00192,EEE,A,Prof. Srinivasan Nair,srinivasan.t17@example.edu,Circuit Theory,EE306,46,40
23EEA013,Ananya Joshi,ananya.23eea013@example.edu,+91 90000 00193,EEE,A,Prof. Srinivasan Nair,srinivasan.t17@example.edu,Electrical Machines,EE301,60,60
23EEA013,Ananya Joshi,ananya.23eea013@example.edu,+91 90000 00193,EEE,A,Prof. Srinivasan Nair,srinivasan.t17@example.edu,Power Systems,EE302,46,45
23EEA013,Ananya Joshi,ananya.23eea013@example.edu,+91 90000 00193,EEE,A,Prof. Srinivasan Nair,srinivasan.t17@example.edu,Power Electronics,EE303,46,46
23EEA013,Ananya Joshi,ananya.23eea013@example.edu,+91 90000 00193,EEE,A,Prof. Srinivasan Nair,srinivasan.t17@example.edu,Control Engineering,EE304,46,45
23EEA013,Ananya Joshi,ananya.23eea013@example.edu,+91 90000 00193,EEE,A,Prof. Srinivasan Nair,srinivasan.t17@example.edu,Measurements & Instrumentation,EE305,46,46
23EEA013,Ananya Joshi,ananya.23eea013@example.edu,+91 90000 00193,EEE,A,Prof. Srinivasan Nair,srinivasan.t17@example.edu,Circuit Theory,EE306,46,45
23EEA014,Aditya Nair,aditya.23eea014@example.edu,+91 90000 00194,EEE,A,Prof. Srinivasan Nair,srinivasan.t17@example.edu,Electrical Machines,EE301,60,56
23EEA014,Aditya Nair,aditya.23eea014@example.edu,+91 90000 00194,EEE,A,Prof. Srinivasan Nair,srinivasan.t17@example.edu,Power Systems,EE302,46,44
23EEA014,Aditya Nair,aditya.23eea014@example.edu,+91 90000 00194,EEE,A,Prof. Srinivasan Nair,srinivasan.t17@example.edu,Power Electronics,EE303,46,44
23EEA014,Aditya Nair,aditya.23eea014@example.edu,+91 90000 00194,EEE,A,Prof. Srinivasan Nair,srinivasan.t17@example.edu,Control Engineering,EE304,46,44
23EEA014,Aditya Nair,aditya.23eea014@example.edu,+91 90000 00194,EEE,A,Prof. Srinivasan Nair,srinivasan.t17@example.edu,Measurements & Instrumentation,EE305,46,44
23EEA014,Aditya Nair,aditya.23eea014@example.edu,+91 90000 00194,EEE,A,Prof. Srinivasan Nair,srinivasan.t17@example.edu,Circuit Theory,EE306,46,44
23EEA015,Divya Nair,divya.23eea015@example.edu,+91 90000 00195,EEE,A,Prof. Srinivasan Nair,srinivasan.t17@example.edu,Electrical Machines,EE301,60,57
23EEA015,Divya Nair,divya.23eea015@example.edu,+91 90000 00195,EEE,A,Prof. Srinivasan Nair,srinivasan.t17@example.edu,Power Systems,EE302,46,45
23EEA015,Divya Nair,divya.23eea015@example.edu,+91 90000 00195,EEE,A,Prof. Srinivasan Nair,srinivasan.t17@example.edu,Power Electronics,EE303,46,45
23EEA015,Divya Nair,divya.23eea015@example.edu,+91 90000 00195,EEE,A,Prof. Srinivasan Nair,srinivasan.t17@example.edu,Control Engineering,EE304,46,44
23EEA015,Divya Nair,divya.23eea015@example.edu,+91 90000 00195,EEE,A,Prof. Srinivasan Nair,srinivasan.t17@example.edu,Measurements & Instrumentation,EE305,46,45
23EEA015,Divya Nair,divya.23eea015@example.edu,+91 90000 00195,EEE,A,Prof. Srinivasan Nair,srinivasan.t17@example.edu,Circuit Theory,EE306,46,44
23EEA016,Karthik Nair,karthik.23eea016@example.edu,+91 90000 00196,EEE,A,Prof. Srinivasan Nair,srinivasan.t17@example.edu,Electrical Machines,EE301,60,51
23EEA016,Karthik Nair,karthik.23eea016@example.edu,+91 90000 00196,EEE,A,Prof. Srinivasan Nair,srinivasan.t17@example.edu,Power Systems,EE302,46,39
23EEA016,Karthik Nair,karthik.23eea016@example.edu,+91 90000 00196,EEE,A,Prof. Srinivasan Nair,srinivasan.t17@example.edu,Power Electronics,EE303,46,39
23EEA016,Karthik Nair,karthik.23eea016@example.edu,+91 90000 00196,EEE,A,Prof. Srinivasan Nair,srinivasan.t17@example.edu,Control Engineering,EE304,46,39
23EEA016,Karthik Nair,karthik.23eea016@example.edu,+91 90000 00196,EEE,A,Prof. Srinivasan Nair,srinivasan.t17@example.edu,Measurements & Instrumentation,EE305,46,39
23EEA016,Karthik Nair,karthik.23eea016@example.edu,+91 90000 00196,EEE,A,Prof. Srinivasan Nair,srinivasan.t17@example.edu,Circuit Theory,EE306,46,40
23EEA017,Aditya Menon,aditya.23eea017@example.edu,+91 90000 00197,EEE,A,Prof. Srinivasan Nair,srinivasan.t17@example.edu,Electrical Machines,EE301,60,58
23EEA017,Aditya Menon,aditya.23eea017@example.edu,+91 90000 00197,EEE,A,Prof. Srinivasan Nair,srinivasan.t17@example.edu,Power Systems,EE302,46,45
23EEA017,Aditya Menon,aditya.23eea017@example.edu,+91 90000 00197,EEE,A,Prof. Srinivasan Nair,srinivasan.t17@example.edu,Power Electronics,EE303,46,45
23EEA017,Aditya Menon,aditya.23eea017@example.edu,+91 90000 00197,EEE,A,Prof. Srinivasan Nair,srinivasan.t17@example.edu,Control Engineering,EE304,46,45
23EEA017,Aditya Menon,aditya.23eea017@example.edu,+91 90000 00197,EEE,A,Prof. Srinivasan Nair,srinivasan.t17@example.edu,Measurements & Instrumentation,EE305,46,45
23EEA017,Aditya Menon,aditya.23eea017@example.edu,+91 90000 00197,EEE,A,Prof. Srinivasan Nair,srinivasan.t17@example.edu,Circuit Theory,EE306,46,45
23EEA018,Surya Raman,surya.23eea018@example.edu,+91 90000 00198,EEE,A,Prof. Srinivasan Nair,srinivasan.t17@example.edu,Electrical Machines,EE301,60,51
23EEA018,Surya Raman,surya.23eea018@example.edu,+91 90000 00198,EEE,A,Prof. Srinivasan Nair,srinivasan.t17@example.edu,Power Systems,EE302,46,39
23EEA018,Surya Raman,surya.23eea018@example.edu,+91 90000 00198,EEE,A,Prof. Srinivasan Nair,srinivasan.t17@example.edu,Power Electronics,EE303,46,39
23EEA018,Surya Raman,surya.23eea018@example.edu,+91 90000 00198,EEE,A,Prof. Srinivasan Nair,srinivasan.t17@example.edu,Control Engineering,EE304,46,39
23EEA018,Surya Raman,surya.23eea018@example.edu,+91 90000 00198,EEE,A,Prof. Srinivasan Nair,srinivasan.t17@example.edu,Measurements & Instrumentation,EE305,46,39
23EEA018,Surya Raman,surya.23eea018@example.edu,+91 90000 00198,EEE,A,Prof. Srinivasan Nair,srinivasan.t17@example.edu,Circuit Theory,EE306,46,39
23EEA019,Aditya Reddy,aditya.23eea019@example.edu,+91 90000 00199,EEE,A,Prof. Srinivasan Nair,srinivasan.t17@example.edu,Electrical Machines,EE301,60,58
23EEA019,Aditya Reddy,aditya.23eea019@example.edu,+91 90000 00199,EEE,A,Prof. Srinivasan Nair,srinivasan.t17@example.edu,Power Systems,EE302,46,44
23EEA019,Aditya Reddy,aditya.23eea019@example.edu,+91 90000 00199,EEE,A,Prof. Srinivasan Nair,srinivasan.t17@example.edu,Power Electronics,EE303,46,44
23EEA019,Aditya Reddy,aditya.23eea019@example.edu,+91 90000 00199,EEE,A,Prof. Srinivasan Nair,srinivasan.t17@example.edu,Control Engineering,EE304,46,45
23EEA019,Aditya Reddy,aditya.23eea019@example.edu,+91 90000 00199,EEE,A,Prof. Srinivasan Nair,srinivasan.t17@example.edu,Measurements & Instrumentation,EE305,46,44
23EEA019,Aditya Reddy,aditya.23eea019@example.edu,+91 90000 00199,EEE,A,Prof. Srinivasan Nair,srinivasan.t17@example.edu,Circuit Theory,EE306,46,44
23EEA020,Deepika Venkatesh,deepika.23eea020@example.edu,+91 90000 00200,EEE,A,Prof. Srinivasan Nair,srinivasan.t17@example.edu,Electrical Machines,EE301,60,55
23EEA020,Deepika Venkatesh,deepika.23eea020@example.edu,+91 90000 00200,EEE,A,Prof. Srinivasan Nair,srinivasan.t17@example.edu,Power Systems,EE302,46,42
23EEA020,Deepika Venkatesh,deepika.23eea020@example.edu,+91 90000 00200,EEE,A,Prof. Srinivasan Nair,srinivasan.t17@example.edu,Power Electronics,EE303,46,43
23EEA020,Deepika Venkatesh,deepika.23eea020@example.edu,+91 90000 00200,EEE,A,Prof. Srinivasan Nair,srinivasan.t17@example.edu,Control Engineering,EE304,46,43
23EEA020,Deepika Venkatesh,deepika.23eea020@example.edu,+91 90000 00200,EEE,A,Prof. Srinivasan Nair,srinivasan.t17@example.edu,Measurements & Instrumentation,EE305,46,42
23EEA020,Deepika Venkatesh,deepika.23eea020@example.edu,+91 90000 00200,EEE,A,Prof. Srinivasan Nair,srinivasan.t17@example.edu,Circuit Theory,EE306,46,42
23EEA021,Kavya Pillai,kavya.23eea021@example.edu,+91 90000 00201,EEE,A,Prof. Srinivasan Nair,srinivasan.t17@example.edu,Electrical Machines,EE301,60,56
23EEA021,Kavya Pillai,kavya.23eea021@example.edu,+91 90000 00201,EEE,A,Prof. Srinivasan Nair,srinivasan.t17@example.edu,Power Systems,EE302,46,42
23EEA021,Kavya Pillai,kavya.23eea021@example.edu,+91 90000 00201,EEE,A,Prof. Srinivasan Nair,srinivasan.t17@example.edu,Power Electronics,EE303,46,43
23EEA021,Kavya Pillai,kavya.23eea021@example.edu,+91 90000 00201,EEE,A,Prof. Srinivasan Nair,srinivasan.t17@example.edu,Control Engineering,EE304,46,43
23EEA021,Kavya Pillai,kavya.23eea021@example.edu,+91 90000 00201,EEE,A,Prof. Srinivasan Nair,srinivasan.t17@example.edu,Measurements & Instrumentation,EE305,46,42
23EEA021,Kavya Pillai,kavya.23eea021@example.edu,+91 90000 00201,EEE,A,Prof. Srinivasan Nair,srinivasan.t17@example.edu,Circuit Theory,EE306,46,43
23EEA022,Deepika Menon,deepika.23eea022@example.edu,+91 90000 00202,EEE,A,Prof. Srinivasan Nair,srinivasan.t17@example.edu,Electrical Machines,EE301,60,36
23EEA022,Deepika Menon,deepika.23eea022@example.edu,+91 90000 00202,EEE,A,Prof. Srinivasan Nair,srinivasan.t17@example.edu,Power Systems,EE302,46,28
23EEA022,Deepika Menon,deepika.23eea022@example.edu,+91 90000 00202,EEE,A,Prof. Srinivasan Nair,srinivasan.t17@example.edu,Power Electronics,EE303,46,28
23EEA022,Deepika Menon,deepika.23eea022@example.edu,+91 90000 00202,EEE,A,Prof. Srinivasan Nair,srinivasan.t17@example.edu,Control Engineering,EE304,46,28
23EEA022,Deepika Menon,deepika.23eea022@example.edu,+91 90000 00202,EEE,A,Prof. Srinivasan Nair,srinivasan.t17@example.edu,Measurements & Instrumentation,EE305,46,28
23EEA022,Deepika Menon,deepika.23eea022@example.edu,+91 90000 00202,EEE,A,Prof. Srinivasan Nair,srinivasan.t17@example.edu,Circuit Theory,EE306,46,28
23EEA023,Revathi Patel,revathi.23eea023@example.edu,+91 90000 00203,EEE,A,Prof. Srinivasan Nair,srinivasan.t17@example.edu,Electrical Machines,EE301,60,57
23EEA023,Revathi Patel,revathi.23eea023@example.edu,+91 90000 00203,EEE,A,Prof. Srinivasan Nair,srinivasan.t17@example.edu,Power Systems,EE302,46,44
23EEA023,Revathi Patel,revathi.23eea023@example.edu,+91 90000 00203,EEE,A,Prof. Srinivasan Nair,srinivasan.t17@example.edu,Power Electronics,EE303,46,44
23EEA023,Revathi Patel,revathi.23eea023@example.edu,+91 90000 00203,EEE,A,Prof. Srinivasan Nair,srinivasan.t17@example.edu,Control Engineering,EE304,46,44
23EEA023,Revathi Patel,revathi.23eea023@example.edu,+91 90000 00203,EEE,A,Prof. Srinivasan Nair,srinivasan.t17@example.edu,Measurements & Instrumentation,EE305,46,44
23EEA023,Revathi Patel,revathi.23eea023@example.edu,+91 90000 00203,EEE,A,Prof. Srinivasan Nair,srinivasan.t17@example.edu,Circuit Theory,EE306,46,44
23EEA024,Bhavana Joshi,bhavana.23eea024@example.edu,+91 90000 00204,EEE,A,Prof. Srinivasan Nair,srinivasan.t17@example.edu,Electrical Machines,EE301,60,57
23EEA024,Bhavana Joshi,bhavana.23eea024@example.edu,+91 90000 00204,EEE,A,Prof. Srinivasan Nair,srinivasan.t17@example.edu,Power Systems,EE302,46,44
23EEA024,Bhavana Joshi,bhavana.23eea024@example.edu,+91 90000 00204,EEE,A,Prof. Srinivasan Nair,srinivasan.t17@example.edu,Power Electronics,EE303,46,44
23EEA024,Bhavana Joshi,bhavana.23eea024@example.edu,+91 90000 00204,EEE,A,Prof. Srinivasan Nair,srinivasan.t17@example.edu,Control Engineering,EE304,46,45
23EEA024,Bhavana Joshi,bhavana.23eea024@example.edu,+91 90000 00204,EEE,A,Prof. Srinivasan Nair,srinivasan.t17@example.edu,Measurements & Instrumentation,EE305,46,45
23EEA024,Bhavana Joshi,bhavana.23eea024@example.edu,+91 90000 00204,EEE,A,Prof. Srinivasan Nair,srinivasan.t17@example.edu,Circuit Theory,EE306,46,44
23EEA025,Priyanka Rao,priyanka.23eea025@example.edu,+91 90000 00205,EEE,A,Prof. Srinivasan Nair,srinivasan.t17@example.edu,Electrical Machines,EE301,60,44
23EEA025,Priyanka Rao,priyanka.23eea025@example.edu,+91 90000 00205,EEE,A,Prof. Srinivasan Nair,srinivasan.t17@example.edu,Power Systems,EE302,46,34
23EEA025,Priyanka Rao,priyanka.23eea025@example.edu,+91 90000 00205,EEE,A,Prof. Srinivasan Nair,srinivasan.t17@example.edu,Power Electronics,EE303,46,34
23EEA025,Priyanka Rao,priyanka.23eea025@example.edu,+91 90000 00205,EEE,A,Prof. Srinivasan Nair,srinivasan.t17@example.edu,Control Engineering,EE304,46,34
23EEA025,Priyanka Rao,priyanka.23eea025@example.edu,+91 90000 00205,EEE,A,Prof. Srinivasan Nair,srinivasan.t17@example.edu,Measurements & Instrumentation,EE305,46,33
23EEA025,Priyanka Rao,priyanka.23eea025@example.edu,+91 90000 00205,EEE,A,Prof. Srinivasan Nair,srinivasan.t17@example.edu,Circuit Theory,EE306,46,34
23EEA026,Aditya Das,aditya.23eea026@example.edu,+91 90000 00206,EEE,A,Prof. Srinivasan Nair,srinivasan.t17@example.edu,Electrical Machines,EE301,60,58
23EEA026,Aditya Das,aditya.23eea026@example.edu,+91 90000 00206,EEE,A,Prof. Srinivasan Nair,srinivasan.t17@example.edu,Power Systems,EE302,46,45
23EEA026,Aditya Das,aditya.23eea026@example.edu,+91 90000 00206,EEE,A,Prof. Srinivasan Nair,srinivasan.t17@example.edu,Power Electronics,EE303,46,45
23EEA026,Aditya Das,aditya.23eea026@example.edu,+91 90000 00206,EEE,A,Prof. Srinivasan Nair,srinivasan.t17@example.edu,Control Engineering,EE304,46,45
23EEA026,Aditya Das,aditya.23eea026@example.edu,+91 90000 00206,EEE,A,Prof. Srinivasan Nair,srinivasan.t17@example.edu,Measurements & Instrumentation,EE305,46,44
23EEA026,Aditya Das,aditya.23eea026@example.edu,+91 90000 00206,EEE,A,Prof. Srinivasan Nair,srinivasan.t17@example.edu,Circuit Theory,EE306,46,44
23EEA027,Gokul Rao,gokul.23eea027@example.edu,+91 90000 00207,EEE,A,Prof. Srinivasan Nair,srinivasan.t17@example.edu,Electrical Machines,EE301,60,58
23EEA027,Gokul Rao,gokul.23eea027@example.edu,+91 90000 00207,EEE,A,Prof. Srinivasan Nair,srinivasan.t17@example.edu,Power Systems,EE302,46,45
23EEA027,Gokul Rao,gokul.23eea027@example.edu,+91 90000 00207,EEE,A,Prof. Srinivasan Nair,srinivasan.t17@example.edu,Power Electronics,EE303,46,44
23EEA027,Gokul Rao,gokul.23eea027@example.edu,+91 90000 00207,EEE,A,Prof. Srinivasan Nair,srinivasan.t17@example.edu,Control Engineering,EE304,46,45
23EEA027,Gokul Rao,gokul.23eea027@example.edu,+91 90000 00207,EEE,A,Prof. Srinivasan Nair,srinivasan.t17@example.edu,Measurements & Instrumentation,EE305,46,45
23EEA027,Gokul Rao,gokul.23eea027@example.edu,+91 90000 00207,EEE,A,Prof. Srinivasan Nair,srinivasan.t17@example.edu,Circuit Theory,EE306,46,44
23EEA028,Meera Bose,meera.23eea028@example.edu,+91 90000 00208,EEE,A,Prof. Srinivasan Nair,srinivasan.t17@example.edu,Electrical Machines,EE301,60,58
23EEA028,Meera Bose,meera.23eea028@example.edu,+91 90000 00208,EEE,A,Prof. Srinivasan Nair,srinivasan.t17@example.edu,Power Systems,EE302,46,45
23EEA028,Meera Bose,meera.23eea028@example.edu,+91 90000 00208,EEE,A,Prof. Srinivasan Nair,srinivasan.t17@example.edu,Power Electronics,EE303,46,45
23EEA028,Meera Bose,meera.23eea028@example.edu,+91 90000 00208,EEE,A,Prof. Srinivasan Nair,srinivasan.t17@example.edu,Control Engineering,EE304,46,45
23EEA028,Meera Bose,meera.23eea028@example.edu,+91 90000 00208,EEE,A,Prof. Srinivasan Nair,srinivasan.t17@example.edu,Measurements & Instrumentation,EE305,46,44
23EEA028,Meera Bose,meera.23eea028@example.edu,+91 90000 00208,EEE,A,Prof. Srinivasan Nair,srinivasan.t17@example.edu,Circuit Theory,EE306,46,44
23EEA029,Ananya Krishnan,ananya.23eea029@example.edu,+91 90000 00209,EEE,A,Prof. Srinivasan Nair,srinivasan.t17@example.edu,Electrical Machines,EE301,60,59
23EEA029,Ananya Krishnan,ananya.23eea029@example.edu,+91 90000 00209,EEE,A,Prof. Srinivasan Nair,srinivasan.t17@example.edu,Power Systems,EE302,46,45
23EEA029,Ananya Krishnan,ananya.23eea029@example.edu,+91 90000 00209,EEE,A,Prof. Srinivasan Nair,srinivasan.t17@example.edu,Power Electronics,EE303,46,45
23EEA029,Ananya Krishnan,ananya.23eea029@example.edu,+91 90000 00209,EEE,A,Prof. Srinivasan Nair,srinivasan.t17@example.edu,Control Engineering,EE304,46,45
23EEA029,Ananya Krishnan,ananya.23eea029@example.edu,+91 90000 00209,EEE,A,Prof. Srinivasan Nair,srinivasan.t17@example.edu,Measurements & Instrumentation,EE305,46,45
23EEA029,Ananya Krishnan,ananya.23eea029@example.edu,+91 90000 00209,EEE,A,Prof. Srinivasan Nair,srinivasan.t17@example.edu,Circuit Theory,EE306,46,45
23EEA030,Meera Joshi,meera.23eea030@example.edu,+91 90000 00210,EEE,A,Prof. Srinivasan Nair,srinivasan.t17@example.edu,Electrical Machines,EE301,60,58
23EEA030,Meera Joshi,meera.23eea030@example.edu,+91 90000 00210,EEE,A,Prof. Srinivasan Nair,srinivasan.t17@example.edu,Power Systems,EE302,46,44
23EEA030,Meera Joshi,meera.23eea030@example.edu,+91 90000 00210,EEE,A,Prof. Srinivasan Nair,srinivasan.t17@example.edu,Power Electronics,EE303,46,44
23EEA030,Meera Joshi,meera.23eea030@example.edu,+91 90000 00210,EEE,A,Prof. Srinivasan Nair,srinivasan.t17@example.edu,Control Engineering,EE304,46,44
23EEA030,Meera Joshi,meera.23eea030@example.edu,+91 90000 00210,EEE,A,Prof. Srinivasan Nair,srinivasan.t17@example.edu,Measurements & Instrumentation,EE305,46,44
23EEA030,Meera Joshi,meera.23eea030@example.edu,+91 90000 00210,EEE,A,Prof. Srinivasan Nair,srinivasan.t17@example.edu,Circuit Theory,EE306,46,44
23EEB001,Pooja Rao,pooja.23eeb001@example.edu,+91 90000 00211,EEE,B,Dr. Geetha Das,geetha.t18@example.edu,Electrical Machines,EE301,60,57
23EEB001,Pooja Rao,pooja.23eeb001@example.edu,+91 90000 00211,EEE,B,Dr. Geetha Das,geetha.t18@example.edu,Power Systems,EE302,46,44
23EEB001,Pooja Rao,pooja.23eeb001@example.edu,+91 90000 00211,EEE,B,Dr. Geetha Das,geetha.t18@example.edu,Power Electronics,EE303,47,45
23EEB001,Pooja Rao,pooja.23eeb001@example.edu,+91 90000 00211,EEE,B,Dr. Geetha Das,geetha.t18@example.edu,Control Engineering,EE304,46,43
23EEB001,Pooja Rao,pooja.23eeb001@example.edu,+91 90000 00211,EEE,B,Dr. Geetha Das,geetha.t18@example.edu,Measurements & Instrumentation,EE305,46,43
23EEB001,Pooja Rao,pooja.23eeb001@example.edu,+91 90000 00211,EEE,B,Dr. Geetha Das,geetha.t18@example.edu,Circuit Theory,EE306,46,43
23EEB002,Vivek Kumar,vivek.23eeb002@example.edu,+91 90000 00212,EEE,B,Dr. Geetha Das,geetha.t18@example.edu,Electrical Machines,EE301,60,59
23EEB002,Vivek Kumar,vivek.23eeb002@example.edu,+91 90000 00212,EEE,B,Dr. Geetha Das,geetha.t18@example.edu,Power Systems,EE302,46,45
23EEB002,Vivek Kumar,vivek.23eeb002@example.edu,+91 90000 00212,EEE,B,Dr. Geetha Das,geetha.t18@example.edu,Power Electronics,EE303,47,46
23EEB002,Vivek Kumar,vivek.23eeb002@example.edu,+91 90000 00212,EEE,B,Dr. Geetha Das,geetha.t18@example.edu,Control Engineering,EE304,46,45
23EEB002,Vivek Kumar,vivek.23eeb002@example.edu,+91 90000 00212,EEE,B,Dr. Geetha Das,geetha.t18@example.edu,Measurements & Instrumentation,EE305,46,45
23EEB002,Vivek Kumar,vivek.23eeb002@example.edu,+91 90000 00212,EEE,B,Dr. Geetha Das,geetha.t18@example.edu,Circuit Theory,EE306,46,45
23EEB003,Ananya Krishnan,ananya.23eeb003@example.edu,+91 90000 00213,EEE,B,Dr. Geetha Das,geetha.t18@example.edu,Electrical Machines,EE301,60,56
23EEB003,Ananya Krishnan,ananya.23eeb003@example.edu,+91 90000 00213,EEE,B,Dr. Geetha Das,geetha.t18@example.edu,Power Systems,EE302,46,43
23EEB003,Ananya Krishnan,ananya.23eeb003@example.edu,+91 90000 00213,EEE,B,Dr. Geetha Das,geetha.t18@example.edu,Power Electronics,EE303,47,44
23EEB003,Ananya Krishnan,ananya.23eeb003@example.edu,+91 90000 00213,EEE,B,Dr. Geetha Das,geetha.t18@example.edu,Control Engineering,EE304,46,43
23EEB003,Ananya Krishnan,ananya.23eeb003@example.edu,+91 90000 00213,EEE,B,Dr. Geetha Das,geetha.t18@example.edu,Measurements & Instrumentation,EE305,46,43
23EEB003,Ananya Krishnan,ananya.23eeb003@example.edu,+91 90000 00213,EEE,B,Dr. Geetha Das,geetha.t18@example.edu,Circuit Theory,EE306,46,43
23EEB004,Siddharth Mishra,siddharth.23eeb004@example.edu,+91 90000 00214,EEE,B,Dr. Geetha Das,geetha.t18@example.edu,Electrical Machines,EE301,60,36
23EEB004,Siddharth Mishra,siddharth.23eeb004@example.edu,+91 90000 00214,EEE,B,Dr. Geetha Das,geetha.t18@example.edu,Power Systems,EE302,46,28
23EEB004,Siddharth Mishra,siddharth.23eeb004@example.edu,+91 90000 00214,EEE,B,Dr. Geetha Das,geetha.t18@example.edu,Power Electronics,EE303,47,29
23EEB004,Siddharth Mishra,siddharth.23eeb004@example.edu,+91 90000 00214,EEE,B,Dr. Geetha Das,geetha.t18@example.edu,Control Engineering,EE304,46,28
23EEB004,Siddharth Mishra,siddharth.23eeb004@example.edu,+91 90000 00214,EEE,B,Dr. Geetha Das,geetha.t18@example.edu,Measurements & Instrumentation,EE305,46,28
23EEB004,Siddharth Mishra,siddharth.23eeb004@example.edu,+91 90000 00214,EEE,B,Dr. Geetha Das,geetha.t18@example.edu,Circuit Theory,EE306,46,28
23EEB005,Shreya Raman,shreya.23eeb005@example.edu,+91 90000 00215,EEE,B,Dr. Geetha Das,geetha.t18@example.edu,Electrical Machines,EE301,60,55
23EEB005,Shreya Raman,shreya.23eeb005@example.edu,+91 90000 00215,EEE,B,Dr. Geetha Das,geetha.t18@example.edu,Power Systems,EE302,46,43
23EEB005,Shreya Raman,shreya.23eeb005@example.edu,+91 90000 00215,EEE,B,Dr. Geetha Das,geetha.t18@example.edu,Power Electronics,EE303,47,44
23EEB005,Shreya Raman,shreya.23eeb005@example.edu,+91 90000 00215,EEE,B,Dr. Geetha Das,geetha.t18@example.edu,Control Engineering,EE304,46,43
23EEB005,Shreya Raman,shreya.23eeb005@example.edu,+91 90000 00215,EEE,B,Dr. Geetha Das,geetha.t18@example.edu,Measurements & Instrumentation,EE305,46,43
23EEB005,Shreya Raman,shreya.23eeb005@example.edu,+91 90000 00215,EEE,B,Dr. Geetha Das,geetha.t18@example.edu,Circuit Theory,EE306,46,43
23EEB006,Siddharth Sharma,siddharth.23eeb006@example.edu,+91 90000 00216,EEE,B,Dr. Geetha Das,geetha.t18@example.edu,Electrical Machines,EE301,60,31
23EEB006,Siddharth Sharma,siddharth.23eeb006@example.edu,+91 90000 00216,EEE,B,Dr. Geetha Das,geetha.t18@example.edu,Power Systems,EE302,46,25
23EEB006,Siddharth Sharma,siddharth.23eeb006@example.edu,+91 90000 00216,EEE,B,Dr. Geetha Das,geetha.t18@example.edu,Power Electronics,EE303,47,25
23EEB006,Siddharth Sharma,siddharth.23eeb006@example.edu,+91 90000 00216,EEE,B,Dr. Geetha Das,geetha.t18@example.edu,Control Engineering,EE304,46,24
23EEB006,Siddharth Sharma,siddharth.23eeb006@example.edu,+91 90000 00216,EEE,B,Dr. Geetha Das,geetha.t18@example.edu,Measurements & Instrumentation,EE305,46,24
23EEB006,Siddharth Sharma,siddharth.23eeb006@example.edu,+91 90000 00216,EEE,B,Dr. Geetha Das,geetha.t18@example.edu,Circuit Theory,EE306,46,25
23EEB007,Surya Sharma,surya.23eeb007@example.edu,+91 90000 00217,EEE,B,Dr. Geetha Das,geetha.t18@example.edu,Electrical Machines,EE301,60,57
23EEB007,Surya Sharma,surya.23eeb007@example.edu,+91 90000 00217,EEE,B,Dr. Geetha Das,geetha.t18@example.edu,Power Systems,EE302,46,44
23EEB007,Surya Sharma,surya.23eeb007@example.edu,+91 90000 00217,EEE,B,Dr. Geetha Das,geetha.t18@example.edu,Power Electronics,EE303,47,45
23EEB007,Surya Sharma,surya.23eeb007@example.edu,+91 90000 00217,EEE,B,Dr. Geetha Das,geetha.t18@example.edu,Control Engineering,EE304,46,44
23EEB007,Surya Sharma,surya.23eeb007@example.edu,+91 90000 00217,EEE,B,Dr. Geetha Das,geetha.t18@example.edu,Measurements & Instrumentation,EE305,46,44
23EEB007,Surya Sharma,surya.23eeb007@example.edu,+91 90000 00217,EEE,B,Dr. Geetha Das,geetha.t18@example.edu,Circuit Theory,EE306,46,44
23EEB008,Sneha Kumar,sneha.23eeb008@example.edu,+91 90000 00218,EEE,B,Dr. Geetha Das,geetha.t18@example.edu,Electrical Machines,EE301,60,57
23EEB008,Sneha Kumar,sneha.23eeb008@example.edu,+91 90000 00218,EEE,B,Dr. Geetha Das,geetha.t18@example.edu,Power Systems,EE302,46,44
23EEB008,Sneha Kumar,sneha.23eeb008@example.edu,+91 90000 00218,EEE,B,Dr. Geetha Das,geetha.t18@example.edu,Power Electronics,EE303,47,45
23EEB008,Sneha Kumar,sneha.23eeb008@example.edu,+91 90000 00218,EEE,B,Dr. Geetha Das,geetha.t18@example.edu,Control Engineering,EE304,46,44
23EEB008,Sneha Kumar,sneha.23eeb008@example.edu,+91 90000 00218,EEE,B,Dr. Geetha Das,geetha.t18@example.edu,Measurements & Instrumentation,EE305,46,43
23EEB008,Sneha Kumar,sneha.23eeb008@example.edu,+91 90000 00218,EEE,B,Dr. Geetha Das,geetha.t18@example.edu,Circuit Theory,EE306,46,43
23EEB009,Shreya Mishra,shreya.23eeb009@example.edu,+91 90000 00219,EEE,B,Dr. Geetha Das,geetha.t18@example.edu,Electrical Machines,EE301,60,59
23EEB009,Shreya Mishra,shreya.23eeb009@example.edu,+91 90000 00219,EEE,B,Dr. Geetha Das,geetha.t18@example.edu,Power Systems,EE302,46,45
23EEB009,Shreya Mishra,shreya.23eeb009@example.edu,+91 90000 00219,EEE,B,Dr. Geetha Das,geetha.t18@example.edu,Power Electronics,EE303,47,46
23EEB009,Shreya Mishra,shreya.23eeb009@example.edu,+91 90000 00219,EEE,B,Dr. Geetha Das,geetha.t18@example.edu,Control Engineering,EE304,46,45
23EEB009,Shreya Mishra,shreya.23eeb009@example.edu,+91 90000 00219,EEE,B,Dr. Geetha Das,geetha.t18@example.edu,Measurements & Instrumentation,EE305,46,45
23EEB009,Shreya Mishra,shreya.23eeb009@example.edu,+91 90000 00219,EEE,B,Dr. Geetha Das,geetha.t18@example.edu,Circuit Theory,EE306,46,45
23EEB010,Swathi Sharma,swathi.23eeb010@example.edu,+91 90000 00220,EEE,B,Dr. Geetha Das,geetha.t18@example.edu,Electrical Machines,EE301,60,59
23EEB010,Swathi Sharma,swathi.23eeb010@example.edu,+91 90000 00220,EEE,B,Dr. Geetha Das,geetha.t18@example.edu,Power Systems,EE302,46,46
23EEB010,Swathi Sharma,swathi.23eeb010@example.edu,+91 90000 00220,EEE,B,Dr. Geetha Das,geetha.t18@example.edu,Power Electronics,EE303,47,47
23EEB010,Swathi Sharma,swathi.23eeb010@example.edu,+91 90000 00220,EEE,B,Dr. Geetha Das,geetha.t18@example.edu,Control Engineering,EE304,46,46
23EEB010,Swathi Sharma,swathi.23eeb010@example.edu,+91 90000 00220,EEE,B,Dr. Geetha Das,geetha.t18@example.edu,Measurements & Instrumentation,EE305,46,45
23EEB010,Swathi Sharma,swathi.23eeb010@example.edu,+91 90000 00220,EEE,B,Dr. Geetha Das,geetha.t18@example.edu,Circuit Theory,EE306,46,45
23EEB011,Kavya Rao,kavya.23eeb011@example.edu,+91 90000 00221,EEE,B,Dr. Geetha Das,geetha.t18@example.edu,Electrical Machines,EE301,60,57
23EEB011,Kavya Rao,kavya.23eeb011@example.edu,+91 90000 00221,EEE,B,Dr. Geetha Das,geetha.t18@example.edu,Power Systems,EE302,46,44
23EEB011,Kavya Rao,kavya.23eeb011@example.edu,+91 90000 00221,EEE,B,Dr. Geetha Das,geetha.t18@example.edu,Power Electronics,EE303,47,44
23EEB011,Kavya Rao,kavya.23eeb011@example.edu,+91 90000 00221,EEE,B,Dr. Geetha Das,geetha.t18@example.edu,Control Engineering,EE304,46,44
23EEB011,Kavya Rao,kavya.23eeb011@example.edu,+91 90000 00221,EEE,B,Dr. Geetha Das,geetha.t18@example.edu,Measurements & Instrumentation,EE305,46,44
23EEB011,Kavya Rao,kavya.23eeb011@example.edu,+91 90000 00221,EEE,B,Dr. Geetha Das,geetha.t18@example.edu,Circuit Theory,EE306,46,44
23EEB012,Aarav Chandran,aarav.23eeb012@example.edu,+91 90000 00222,EEE,B,Dr. Geetha Das,geetha.t18@example.edu,Electrical Machines,EE301,60,43
23EEB012,Aarav Chandran,aarav.23eeb012@example.edu,+91 90000 00222,EEE,B,Dr. Geetha Das,geetha.t18@example.edu,Power Systems,EE302,46,33
23EEB012,Aarav Chandran,aarav.23eeb012@example.edu,+91 90000 00222,EEE,B,Dr. Geetha Das,geetha.t18@example.edu,Power Electronics,EE303,47,34
23EEB012,Aarav Chandran,aarav.23eeb012@example.edu,+91 90000 00222,EEE,B,Dr. Geetha Das,geetha.t18@example.edu,Control Engineering,EE304,46,34
23EEB012,Aarav Chandran,aarav.23eeb012@example.edu,+91 90000 00222,EEE,B,Dr. Geetha Das,geetha.t18@example.edu,Measurements & Instrumentation,EE305,46,33
23EEB012,Aarav Chandran,aarav.23eeb012@example.edu,+91 90000 00222,EEE,B,Dr. Geetha Das,geetha.t18@example.edu,Circuit Theory,EE306,46,33
23EEB013,Aditya Iyer,aditya.23eeb013@example.edu,+91 90000 00223,EEE,B,Dr. Geetha Das,geetha.t18@example.edu,Electrical Machines,EE301,60,51
23EEB013,Aditya Iyer,aditya.23eeb013@example.edu,+91 90000 00223,EEE,B,Dr. Geetha Das,geetha.t18@example.edu,Power Systems,EE302,46,39
23EEB013,Aditya Iyer,aditya.23eeb013@example.edu,+91 90000 00223,EEE,B,Dr. Geetha Das,geetha.t18@example.edu,Power Electronics,EE303,47,40
23EEB013,Aditya Iyer,aditya.23eeb013@example.edu,+91 90000 00223,EEE,B,Dr. Geetha Das,geetha.t18@example.edu,Control Engineering,EE304,46,39
23EEB013,Aditya Iyer,aditya.23eeb013@example.edu,+91 90000 00223,EEE,B,Dr. Geetha Das,geetha.t18@example.edu,Measurements & Instrumentation,EE305,46,40
23EEB013,Aditya Iyer,aditya.23eeb013@example.edu,+91 90000 00223,EEE,B,Dr. Geetha Das,geetha.t18@example.edu,Circuit Theory,EE306,46,39
23EEB014,Kavya Subramanian,kavya.23eeb014@example.edu,+91 90000 00224,EEE,B,Dr. Geetha Das,geetha.t18@example.edu,Electrical Machines,EE301,60,58
23EEB014,Kavya Subramanian,kavya.23eeb014@example.edu,+91 90000 00224,EEE,B,Dr. Geetha Das,geetha.t18@example.edu,Power Systems,EE302,46,45
23EEB014,Kavya Subramanian,kavya.23eeb014@example.edu,+91 90000 00224,EEE,B,Dr. Geetha Das,geetha.t18@example.edu,Power Electronics,EE303,47,45
23EEB014,Kavya Subramanian,kavya.23eeb014@example.edu,+91 90000 00224,EEE,B,Dr. Geetha Das,geetha.t18@example.edu,Control Engineering,EE304,46,45
23EEB014,Kavya Subramanian,kavya.23eeb014@example.edu,+91 90000 00224,EEE,B,Dr. Geetha Das,geetha.t18@example.edu,Measurements & Instrumentation,EE305,46,44
23EEB014,Kavya Subramanian,kavya.23eeb014@example.edu,+91 90000 00224,EEE,B,Dr. Geetha Das,geetha.t18@example.edu,Circuit Theory,EE306,46,44
23EEB015,Manoj Reddy,manoj.23eeb015@example.edu,+91 90000 00225,EEE,B,Dr. Geetha Das,geetha.t18@example.edu,Electrical Machines,EE301,60,58
23EEB015,Manoj Reddy,manoj.23eeb015@example.edu,+91 90000 00225,EEE,B,Dr. Geetha Das,geetha.t18@example.edu,Power Systems,EE302,46,45
23EEB015,Manoj Reddy,manoj.23eeb015@example.edu,+91 90000 00225,EEE,B,Dr. Geetha Das,geetha.t18@example.edu,Power Electronics,EE303,47,45
23EEB015,Manoj Reddy,manoj.23eeb015@example.edu,+91 90000 00225,EEE,B,Dr. Geetha Das,geetha.t18@example.edu,Control Engineering,EE304,46,45
23EEB015,Manoj Reddy,manoj.23eeb015@example.edu,+91 90000 00225,EEE,B,Dr. Geetha Das,geetha.t18@example.edu,Measurements & Instrumentation,EE305,46,44
23EEB015,Manoj Reddy,manoj.23eeb015@example.edu,+91 90000 00225,EEE,B,Dr. Geetha Das,geetha.t18@example.edu,Circuit Theory,EE306,46,44
23EEB016,Varun Subramanian,varun.23eeb016@example.edu,+91 90000 00226,EEE,B,Dr. Geetha Das,geetha.t18@example.edu,Electrical Machines,EE301,60,56
23EEB016,Varun Subramanian,varun.23eeb016@example.edu,+91 90000 00226,EEE,B,Dr. Geetha Das,geetha.t18@example.edu,Power Systems,EE302,46,43
23EEB016,Varun Subramanian,varun.23eeb016@example.edu,+91 90000 00226,EEE,B,Dr. Geetha Das,geetha.t18@example.edu,Power Electronics,EE303,47,44
23EEB016,Varun Subramanian,varun.23eeb016@example.edu,+91 90000 00226,EEE,B,Dr. Geetha Das,geetha.t18@example.edu,Control Engineering,EE304,46,42
23EEB016,Varun Subramanian,varun.23eeb016@example.edu,+91 90000 00226,EEE,B,Dr. Geetha Das,geetha.t18@example.edu,Measurements & Instrumentation,EE305,46,43
23EEB016,Varun Subramanian,varun.23eeb016@example.edu,+91 90000 00226,EEE,B,Dr. Geetha Das,geetha.t18@example.edu,Circuit Theory,EE306,46,42
23EEB017,Revathi Patel,revathi.23eeb017@example.edu,+91 90000 00227,EEE,B,Dr. Geetha Das,geetha.t18@example.edu,Electrical Machines,EE301,60,58
23EEB017,Revathi Patel,revathi.23eeb017@example.edu,+91 90000 00227,EEE,B,Dr. Geetha Das,geetha.t18@example.edu,Power Systems,EE302,46,45
23EEB017,Revathi Patel,revathi.23eeb017@example.edu,+91 90000 00227,EEE,B,Dr. Geetha Das,geetha.t18@example.edu,Power Electronics,EE303,47,46
23EEB017,Revathi Patel,revathi.23eeb017@example.edu,+91 90000 00227,EEE,B,Dr. Geetha Das,geetha.t18@example.edu,Control Engineering,EE304,46,45
23EEB017,Revathi Patel,revathi.23eeb017@example.edu,+91 90000 00227,EEE,B,Dr. Geetha Das,geetha.t18@example.edu,Measurements & Instrumentation,EE305,46,45
23EEB017,Revathi Patel,revathi.23eeb017@example.edu,+91 90000 00227,EEE,B,Dr. Geetha Das,geetha.t18@example.edu,Circuit Theory,EE306,46,45
23EEB018,Rohan Mishra,rohan.23eeb018@example.edu,+91 90000 00228,EEE,B,Dr. Geetha Das,geetha.t18@example.edu,Electrical Machines,EE301,60,51
23EEB018,Rohan Mishra,rohan.23eeb018@example.edu,+91 90000 00228,EEE,B,Dr. Geetha Das,geetha.t18@example.edu,Power Systems,EE302,46,39
23EEB018,Rohan Mishra,rohan.23eeb018@example.edu,+91 90000 00228,EEE,B,Dr. Geetha Das,geetha.t18@example.edu,Power Electronics,EE303,47,40
23EEB018,Rohan Mishra,rohan.23eeb018@example.edu,+91 90000 00228,EEE,B,Dr. Geetha Das,geetha.t18@example.edu,Control Engineering,EE304,46,39
23EEB018,Rohan Mishra,rohan.23eeb018@example.edu,+91 90000 00228,EEE,B,Dr. Geetha Das,geetha.t18@example.edu,Measurements & Instrumentation,EE305,46,39
23EEB018,Rohan Mishra,rohan.23eeb018@example.edu,+91 90000 00228,EEE,B,Dr. Geetha Das,geetha.t18@example.edu,Circuit Theory,EE306,46,39
23EEB019,Sneha Balaji,sneha.23eeb019@example.edu,+91 90000 00229,EEE,B,Dr. Geetha Das,geetha.t18@example.edu,Electrical Machines,EE301,60,59
23EEB019,Sneha Balaji,sneha.23eeb019@example.edu,+91 90000 00229,EEE,B,Dr. Geetha Das,geetha.t18@example.edu,Power Systems,EE302,46,46
23EEB019,Sneha Balaji,sneha.23eeb019@example.edu,+91 90000 00229,EEE,B,Dr. Geetha Das,geetha.t18@example.edu,Power Electronics,EE303,47,47
23EEB019,Sneha Balaji,sneha.23eeb019@example.edu,+91 90000 00229,EEE,B,Dr. Geetha Das,geetha.t18@example.edu,Control Engineering,EE304,46,45
23EEB019,Sneha Balaji,sneha.23eeb019@example.edu,+91 90000 00229,EEE,B,Dr. Geetha Das,geetha.t18@example.edu,Measurements & Instrumentation,EE305,46,46
23EEB019,Sneha Balaji,sneha.23eeb019@example.edu,+91 90000 00229,EEE,B,Dr. Geetha Das,geetha.t18@example.edu,Circuit Theory,EE306,46,45
23EEB020,Rahul Subramanian,rahul.23eeb020@example.edu,+91 90000 00230,EEE,B,Dr. Geetha Das,geetha.t18@example.edu,Electrical Machines,EE301,60,52
23EEB020,Rahul Subramanian,rahul.23eeb020@example.edu,+91 90000 00230,EEE,B,Dr. Geetha Das,geetha.t18@example.edu,Power Systems,EE302,46,39
23EEB020,Rahul Subramanian,rahul.23eeb020@example.edu,+91 90000 00230,EEE,B,Dr. Geetha Das,geetha.t18@example.edu,Power Electronics,EE303,47,40
23EEB020,Rahul Subramanian,rahul.23eeb020@example.edu,+91 90000 00230,EEE,B,Dr. Geetha Das,geetha.t18@example.edu,Control Engineering,EE304,46,39
23EEB020,Rahul Subramanian,rahul.23eeb020@example.edu,+91 90000 00230,EEE,B,Dr. Geetha Das,geetha.t18@example.edu,Measurements & Instrumentation,EE305,46,39
23EEB020,Rahul Subramanian,rahul.23eeb020@example.edu,+91 90000 00230,EEE,B,Dr. Geetha Das,geetha.t18@example.edu,Circuit Theory,EE306,46,39
23EEB021,Karthik Kumar,karthik.23eeb021@example.edu,+91 90000 00231,EEE,B,Dr. Geetha Das,geetha.t18@example.edu,Electrical Machines,EE301,60,57
23EEB021,Karthik Kumar,karthik.23eeb021@example.edu,+91 90000 00231,EEE,B,Dr. Geetha Das,geetha.t18@example.edu,Power Systems,EE302,46,43
23EEB021,Karthik Kumar,karthik.23eeb021@example.edu,+91 90000 00231,EEE,B,Dr. Geetha Das,geetha.t18@example.edu,Power Electronics,EE303,47,44
23EEB021,Karthik Kumar,karthik.23eeb021@example.edu,+91 90000 00231,EEE,B,Dr. Geetha Das,geetha.t18@example.edu,Control Engineering,EE304,46,43
23EEB021,Karthik Kumar,karthik.23eeb021@example.edu,+91 90000 00231,EEE,B,Dr. Geetha Das,geetha.t18@example.edu,Measurements & Instrumentation,EE305,46,43
23EEB021,Karthik Kumar,karthik.23eeb021@example.edu,+91 90000 00231,EEE,B,Dr. Geetha Das,geetha.t18@example.edu,Circuit Theory,EE306,46,43
23EEB022,Diya Sharma,diya.23eeb022@example.edu,+91 90000 00232,EEE,B,Dr. Geetha Das,geetha.t18@example.edu,Electrical Machines,EE301,60,45
23EEB022,Diya Sharma,diya.23eeb022@example.edu,+91 90000 00232,EEE,B,Dr. Geetha Das,geetha.t18@example.edu,Power Systems,EE302,46,35
23EEB022,Diya Sharma,diya.23eeb022@example.edu,+91 90000 00232,EEE,B,Dr. Geetha Das,geetha.t18@example.edu,Power Electronics,EE303,47,35
23EEB022,Diya Sharma,diya.23eeb022@example.edu,+91 90000 00232,EEE,B,Dr. Geetha Das,geetha.t18@example.edu,Control Engineering,EE304,46,34
23EEB022,Diya Sharma,diya.23eeb022@example.edu,+91 90000 00232,EEE,B,Dr. Geetha Das,geetha.t18@example.edu,Measurements & Instrumentation,EE305,46,34
23EEB022,Diya Sharma,diya.23eeb022@example.edu,+91 90000 00232,EEE,B,Dr. Geetha Das,geetha.t18@example.edu,Circuit Theory,EE306,46,34
23EEB023,Meera Mishra,meera.23eeb023@example.edu,+91 90000 00233,EEE,B,Dr. Geetha Das,geetha.t18@example.edu,Electrical Machines,EE301,60,55
23EEB023,Meera Mishra,meera.23eeb023@example.edu,+91 90000 00233,EEE,B,Dr. Geetha Das,geetha.t18@example.edu,Power Systems,EE302,46,42
23EEB023,Meera Mishra,meera.23eeb023@example.edu,+91 90000 00233,EEE,B,Dr. Geetha Das,geetha.t18@example.edu,Power Electronics,EE303,47,43
23EEB023,Meera Mishra,meera.23eeb023@example.edu,+91 90000 00233,EEE,B,Dr. Geetha Das,geetha.t18@example.edu,Control Engineering,EE304,46,42
23EEB023,Meera Mishra,meera.23eeb023@example.edu,+91 90000 00233,EEE,B,Dr. Geetha Das,geetha.t18@example.edu,Measurements & Instrumentation,EE305,46,42
23EEB023,Meera Mishra,meera.23eeb023@example.edu,+91 90000 00233,EEE,B,Dr. Geetha Das,geetha.t18@example.edu,Circuit Theory,EE306,46,42
23EEB024,Lavanya Raman,lavanya.23eeb024@example.edu,+91 90000 00234,EEE,B,Dr. Geetha Das,geetha.t18@example.edu,Electrical Machines,EE301,60,58
23EEB024,Lavanya Raman,lavanya.23eeb024@example.edu,+91 90000 00234,EEE,B,Dr. Geetha Das,geetha.t18@example.edu,Power Systems,EE302,46,44
23EEB024,Lavanya Raman,lavanya.23eeb024@example.edu,+91 90000 00234,EEE,B,Dr. Geetha Das,geetha.t18@example.edu,Power Electronics,EE303,47,45
23EEB024,Lavanya Raman,lavanya.23eeb024@example.edu,+91 90000 00234,EEE,B,Dr. Geetha Das,geetha.t18@example.edu,Control Engineering,EE304,46,44
23EEB024,Lavanya Raman,lavanya.23eeb024@example.edu,+91 90000 00234,EEE,B,Dr. Geetha Das,geetha.t18@example.edu,Measurements & Instrumentation,EE305,46,44
23EEB024,Lavanya Raman,lavanya.23eeb024@example.edu,+91 90000 00234,EEE,B,Dr. Geetha Das,geetha.t18@example.edu,Circuit Theory,EE306,46,44
23EEB025,Vignesh Balaji,vignesh.23eeb025@example.edu,+91 90000 00235,EEE,B,Dr. Geetha Das,geetha.t18@example.edu,Electrical Machines,EE301,60,56
23EEB025,Vignesh Balaji,vignesh.23eeb025@example.edu,+91 90000 00235,EEE,B,Dr. Geetha Das,geetha.t18@example.edu,Power Systems,EE302,46,44
23EEB025,Vignesh Balaji,vignesh.23eeb025@example.edu,+91 90000 00235,EEE,B,Dr. Geetha Das,geetha.t18@example.edu,Power Electronics,EE303,47,44
23EEB025,Vignesh Balaji,vignesh.23eeb025@example.edu,+91 90000 00235,EEE,B,Dr. Geetha Das,geetha.t18@example.edu,Control Engineering,EE304,46,43
23EEB025,Vignesh Balaji,vignesh.23eeb025@example.edu,+91 90000 00235,EEE,B,Dr. Geetha Das,geetha.t18@example.edu,Measurements & Instrumentation,EE305,46,43
23EEB025,Vignesh Balaji,vignesh.23eeb025@example.edu,+91 90000 00235,EEE,B,Dr. Geetha Das,geetha.t18@example.edu,Circuit Theory,EE306,46,43
23EEB026,Nikhil Raman,nikhil.23eeb026@example.edu,+91 90000 00236,EEE,B,Dr. Geetha Das,geetha.t18@example.edu,Electrical Machines,EE301,60,56
23EEB026,Nikhil Raman,nikhil.23eeb026@example.edu,+91 90000 00236,EEE,B,Dr. Geetha Das,geetha.t18@example.edu,Power Systems,EE302,46,43
23EEB026,Nikhil Raman,nikhil.23eeb026@example.edu,+91 90000 00236,EEE,B,Dr. Geetha Das,geetha.t18@example.edu,Power Electronics,EE303,47,44
23EEB026,Nikhil Raman,nikhil.23eeb026@example.edu,+91 90000 00236,EEE,B,Dr. Geetha Das,geetha.t18@example.edu,Control Engineering,EE304,46,43
23EEB026,Nikhil Raman,nikhil.23eeb026@example.edu,+91 90000 00236,EEE,B,Dr. Geetha Das,geetha.t18@example.edu,Measurements & Instrumentation,EE305,46,43
23EEB026,Nikhil Raman,nikhil.23eeb026@example.edu,+91 90000 00236,EEE,B,Dr. Geetha Das,geetha.t18@example.edu,Circuit Theory,EE306,46,43
23EEB027,Deepika Menon,deepika.23eeb027@example.edu,+91 90000 00237,EEE,B,Dr. Geetha Das,geetha.t18@example.edu,Electrical Machines,EE301,60,55
23EEB027,Deepika Menon,deepika.23eeb027@example.edu,+91 90000 00237,EEE,B,Dr. Geetha Das,geetha.t18@example.edu,Power Systems,EE302,46,42
23EEB027,Deepika Menon,deepika.23eeb027@example.edu,+91 90000 00237,EEE,B,Dr. Geetha Das,geetha.t18@example.edu,Power Electronics,EE303,47,43
23EEB027,Deepika Menon,deepika.23eeb027@example.edu,+91 90000 00237,EEE,B,Dr. Geetha Das,geetha.t18@example.edu,Control Engineering,EE304,46,42
23EEB027,Deepika Menon,deepika.23eeb027@example.edu,+91 90000 00237,EEE,B,Dr. Geetha Das,geetha.t18@example.edu,Measurements & Instrumentation,EE305,46,42
23EEB027,Deepika Menon,deepika.23eeb027@example.edu,+91 90000 00237,EEE,B,Dr. Geetha Das,geetha.t18@example.edu,Circuit Theory,EE306,46,43
23EEB028,Aarav Subramanian,aarav.23eeb028@example.edu,+91 90000 00238,EEE,B,Dr. Geetha Das,geetha.t18@example.edu,Electrical Machines,EE301,60,58
23EEB028,Aarav Subramanian,aarav.23eeb028@example.edu,+91 90000 00238,EEE,B,Dr. Geetha Das,geetha.t18@example.edu,Power Systems,EE302,46,45
23EEB028,Aarav Subramanian,aarav.23eeb028@example.edu,+91 90000 00238,EEE,B,Dr. Geetha Das,geetha.t18@example.edu,Power Electronics,EE303,47,45
23EEB028,Aarav Subramanian,aarav.23eeb028@example.edu,+91 90000 00238,EEE,B,Dr. Geetha Das,geetha.t18@example.edu,Control Engineering,EE304,46,44
23EEB028,Aarav Subramanian,aarav.23eeb028@example.edu,+91 90000 00238,EEE,B,Dr. Geetha Das,geetha.t18@example.edu,Measurements & Instrumentation,EE305,46,45
23EEB028,Aarav Subramanian,aarav.23eeb028@example.edu,+91 90000 00238,EEE,B,Dr. Geetha Das,geetha.t18@example.edu,Circuit Theory,EE306,46,44
23EEB029,Sanjay Iyer,sanjay.23eeb029@example.edu,+91 90000 00239,EEE,B,Dr. Geetha Das,geetha.t18@example.edu,Electrical Machines,EE301,60,35
23EEB029,Sanjay Iyer,sanjay.23eeb029@example.edu,+91 90000 00239,EEE,B,Dr. Geetha Das,geetha.t18@example.edu,Power Systems,EE302,46,27
23EEB029,Sanjay Iyer,sanjay.23eeb029@example.edu,+91 90000 00239,EEE,B,Dr. Geetha Das,geetha.t18@example.edu,Power Electronics,EE303,47,28
23EEB029,Sanjay Iyer,sanjay.23eeb029@example.edu,+91 90000 00239,EEE,B,Dr. Geetha Das,geetha.t18@example.edu,Control Engineering,EE304,46,27
23EEB029,Sanjay Iyer,sanjay.23eeb029@example.edu,+91 90000 00239,EEE,B,Dr. Geetha Das,geetha.t18@example.edu,Measurements & Instrumentation,EE305,46,27
23EEB029,Sanjay Iyer,sanjay.23eeb029@example.edu,+91 90000 00239,EEE,B,Dr. Geetha Das,geetha.t18@example.edu,Circuit Theory,EE306,46,27
23EEB030,Shreya Bose,shreya.23eeb030@example.edu,+91 90000 00240,EEE,B,Dr. Geetha Das,geetha.t18@example.edu,Electrical Machines,EE301,60,56
23EEB030,Shreya Bose,shreya.23eeb030@example.edu,+91 90000 00240,EEE,B,Dr. Geetha Das,geetha.t18@example.edu,Power Systems,EE302,46,43
23EEB030,Shreya Bose,shreya.23eeb030@example.edu,+91 90000 00240,EEE,B,Dr. Geetha Das,geetha.t18@example.edu,Power Electronics,EE303,47,44
23EEB030,Shreya Bose,shreya.23eeb030@example.edu,+91 90000 00240,EEE,B,Dr. Geetha Das,geetha.t18@example.edu,Control Engineering,EE304,46,43
23EEB030,Shreya Bose,shreya.23eeb030@example.edu,+91 90000 00240,EEE,B,Dr. Geetha Das,geetha.t18@example.edu,Measurements & Instrumentation,EE305,46,43
23EEB030,Shreya Bose,shreya.23eeb030@example.edu,+91 90000 00240,EEE,B,Dr. Geetha Das,geetha.t18@example.edu,Circuit Theory,EE306,46,43
23MEA001,Aditya Balaji,aditya.23mea001@example.edu,+91 90000 00121,ME,A,Prof. Sneha Balaji,sneha.t12@example.edu,Thermodynamics,ME301,60,51
23MEA001,Aditya Balaji,aditya.23mea001@example.edu,+91 90000 00121,ME,A,Prof. Sneha Balaji,sneha.t12@example.edu,Fluid Mechanics,ME302,47,40
23MEA001,Aditya Balaji,aditya.23mea001@example.edu,+91 90000 00121,ME,A,Prof. Sneha Balaji,sneha.t12@example.edu,Machine Design,ME303,46,39
23MEA001,Aditya Balaji,aditya.23mea001@example.edu,+91 90000 00121,ME,A,Prof. Sneha Balaji,sneha.t12@example.edu,Manufacturing Technology,ME304,46,39
23MEA001,Aditya Balaji,aditya.23mea001@example.edu,+91 90000 00121,ME,A,Prof. Sneha Balaji,sneha.t12@example.edu,Heat Transfer,ME305,46,39
23MEA001,Aditya Balaji,aditya.23mea001@example.edu,+91 90000 00121,ME,A,Prof. Sneha Balaji,sneha.t12@example.edu,Kinematics of Machines,ME306,46,39
23MEA002,Priyanka Das,priyanka.23mea002@example.edu,+91 90000 00122,ME,A,Prof. Sneha Balaji,sneha.t12@example.edu,Thermodynamics,ME301,60,58
23MEA002,Priyanka Das,priyanka.23mea002@example.edu,+91 90000 00122,ME,A,Prof. Sneha Balaji,sneha.t12@example.edu,Fluid Mechanics,ME302,47,45
23MEA002,Priyanka Das,priyanka.23mea002@example.edu,+91 90000 00122,ME,A,Prof. Sneha Balaji,sneha.t12@example.edu,Machine Design,ME303,46,44
23MEA002,Priyanka Das,priyanka.23mea002@example.edu,+91 90000 00122,ME,A,Prof. Sneha Balaji,sneha.t12@example.edu,Manufacturing Technology,ME304,46,45
23MEA002,Priyanka Das,priyanka.23mea002@example.edu,+91 90000 00122,ME,A,Prof. Sneha Balaji,sneha.t12@example.edu,Heat Transfer,ME305,46,44
23MEA002,Priyanka Das,priyanka.23mea002@example.edu,+91 90000 00122,ME,A,Prof. Sneha Balaji,sneha.t12@example.edu,Kinematics of Machines,ME306,46,44
23MEA003,Swathi Kumar,swathi.23mea003@example.edu,+91 90000 00123,ME,A,Prof. Sneha Balaji,sneha.t12@example.edu,Thermodynamics,ME301,60,58
23MEA003,Swathi Kumar,swathi.23mea003@example.edu,+91 90000 00123,ME,A,Prof. Sneha Balaji,sneha.t12@example.edu,Fluid Mechanics,ME302,47,45
23MEA003,Swathi Kumar,swathi.23mea003@example.edu,+91 90000 00123,ME,A,Prof. Sneha Balaji,sneha.t12@example.edu,Machine Design,ME303,46,44
23MEA003,Swathi Kumar,swathi.23mea003@example.edu,+91 90000 00123,ME,A,Prof. Sneha Balaji,sneha.t12@example.edu,Manufacturing Technology,ME304,46,44
23MEA003,Swathi Kumar,swathi.23mea003@example.edu,+91 90000 00123,ME,A,Prof. Sneha Balaji,sneha.t12@example.edu,Heat Transfer,ME305,46,45
23MEA003,Swathi Kumar,swathi.23mea003@example.edu,+91 90000 00123,ME,A,Prof. Sneha Balaji,sneha.t12@example.edu,Kinematics of Machines,ME306,46,45
23MEA004,Bhavana Krishnan,bhavana.23mea004@example.edu,+91 90000 00124,ME,A,Prof. Sneha Balaji,sneha.t12@example.edu,Thermodynamics,ME301,60,58
23MEA004,Bhavana Krishnan,bhavana.23mea004@example.edu,+91 90000 00124,ME,A,Prof. Sneha Balaji,sneha.t12@example.edu,Fluid Mechanics,ME302,47,45
23MEA004,Bhavana Krishnan,bhavana.23mea004@example.edu,+91 90000 00124,ME,A,Prof. Sneha Balaji,sneha.t12@example.edu,Machine Design,ME303,46,44
23MEA004,Bhavana Krishnan,bhavana.23mea004@example.edu,+91 90000 00124,ME,A,Prof. Sneha Balaji,sneha.t12@example.edu,Manufacturing Technology,ME304,46,43
23MEA004,Bhavana Krishnan,bhavana.23mea004@example.edu,+91 90000 00124,ME,A,Prof. Sneha Balaji,sneha.t12@example.edu,Heat Transfer,ME305,46,43
23MEA004,Bhavana Krishnan,bhavana.23mea004@example.edu,+91 90000 00124,ME,A,Prof. Sneha Balaji,sneha.t12@example.edu,Kinematics of Machines,ME306,46,43
23MEA005,Harish Kumar,harish.23mea005@example.edu,+91 90000 00125,ME,A,Prof. Sneha Balaji,sneha.t12@example.edu,Thermodynamics,ME301,60,57
23MEA005,Harish Kumar,harish.23mea005@example.edu,+91 90000 00125,ME,A,Prof. Sneha Balaji,sneha.t12@example.edu,Fluid Mechanics,ME302,47,45
23MEA005,Harish Kumar,harish.23mea005@example.edu,+91 90000 00125,ME,A,Prof. Sneha Balaji,sneha.t12@example.edu,Machine Design,ME303,46,43
23MEA005,Harish Kumar,harish.23mea005@example.edu,+91 90000 00125,ME,A,Prof. Sneha Balaji,sneha.t12@example.edu,Manufacturing Technology,ME304,46,44
23MEA005,Harish Kumar,harish.23mea005@example.edu,+91 90000 00125,ME,A,Prof. Sneha Balaji,sneha.t12@example.edu,Heat Transfer,ME305,46,44
23MEA005,Harish Kumar,harish.23mea005@example.edu,+91 90000 00125,ME,A,Prof. Sneha Balaji,sneha.t12@example.edu,Kinematics of Machines,ME306,46,43
23MEA006,Ishita Chandran,ishita.23mea006@example.edu,+91 90000 00126,ME,A,Prof. Sneha Balaji,sneha.t12@example.edu,Thermodynamics,ME301,60,57
23MEA006,Ishita Chandran,ishita.23mea006@example.edu,+91 90000 00126,ME,A,Prof. Sneha Balaji,sneha.t12@example.edu,Fluid Mechanics,ME302,47,45
23MEA006,Ishita Chandran,ishita.23mea006@example.edu,+91 90000 00126,ME,A,Prof. Sneha Balaji,sneha.t12@example.edu,Machine Design,ME303,46,44
23MEA006,Ishita Chandran,ishita.23mea006@example.edu,+91 90000 00126,ME,A,Prof. Sneha Balaji,sneha.t12@example.edu,Manufacturing Technology,ME304,46,43
23MEA006,Ishita Chandran,ishita.23mea006@example.edu,+91 90000 00126,ME,A,Prof. Sneha Balaji,sneha.t12@example.edu,Heat Transfer,ME305,46,43
23MEA006,Ishita Chandran,ishita.23mea006@example.edu,+91 90000 00126,ME,A,Prof. Sneha Balaji,sneha.t12@example.edu,Kinematics of Machines,ME306,46,44
23MEA007,Pranav Joshi,pranav.23mea007@example.edu,+91 90000 00127,ME,A,Prof. Sneha Balaji,sneha.t12@example.edu,Thermodynamics,ME301,60,58
23MEA007,Pranav Joshi,pranav.23mea007@example.edu,+91 90000 00127,ME,A,Prof. Sneha Balaji,sneha.t12@example.edu,Fluid Mechanics,ME302,47,45
23MEA007,Pranav Joshi,pranav.23mea007@example.edu,+91 90000 00127,ME,A,Prof. Sneha Balaji,sneha.t12@example.edu,Machine Design,ME303,46,44
23MEA007,Pranav Joshi,pranav.23mea007@example.edu,+91 90000 00127,ME,A,Prof. Sneha Balaji,sneha.t12@example.edu,Manufacturing Technology,ME304,46,44
23MEA007,Pranav Joshi,pranav.23mea007@example.edu,+91 90000 00127,ME,A,Prof. Sneha Balaji,sneha.t12@example.edu,Heat Transfer,ME305,46,44
23MEA007,Pranav Joshi,pranav.23mea007@example.edu,+91 90000 00127,ME,A,Prof. Sneha Balaji,sneha.t12@example.edu,Kinematics of Machines,ME306,46,44
23MEA008,Priyanka Patel,priyanka.23mea008@example.edu,+91 90000 00128,ME,A,Prof. Sneha Balaji,sneha.t12@example.edu,Thermodynamics,ME301,60,59
23MEA008,Priyanka Patel,priyanka.23mea008@example.edu,+91 90000 00128,ME,A,Prof. Sneha Balaji,sneha.t12@example.edu,Fluid Mechanics,ME302,47,46
23MEA008,Priyanka Patel,priyanka.23mea008@example.edu,+91 90000 00128,ME,A,Prof. Sneha Balaji,sneha.t12@example.edu,Machine Design,ME303,46,45
23MEA008,Priyanka Patel,priyanka.23mea008@example.edu,+91 90000 00128,ME,A,Prof. Sneha Balaji,sneha.t12@example.edu,Manufacturing Technology,ME304,46,45
23MEA008,Priyanka Patel,priyanka.23mea008@example.edu,+91 90000 00128,ME,A,Prof. Sneha Balaji,sneha.t12@example.edu,Heat Transfer,ME305,46,45
23MEA008,Priyanka Patel,priyanka.23mea008@example.edu,+91 90000 00128,ME,A,Prof. Sneha Balaji,sneha.t12@example.edu,Kinematics of Machines,ME306,46,45
23MEA009,Ananya Chandran,ananya.23mea009@example.edu,+91 90000 00129,ME,A,Prof. Sneha Balaji,sneha.t12@example.edu,Thermodynamics,ME301,60,57
23MEA009,Ananya Chandran,ananya.23mea009@example.edu,+91 90000 00129,ME,A,Prof. Sneha Balaji,sneha.t12@example.edu,Fluid Mechanics,ME302,47,45
23MEA009,Ananya Chandran,ananya.23mea009@example.edu,+91 90000 00129,ME,A,Prof. Sneha Balaji,sneha.t12@example.edu,Machine Design,ME303,46,44
23MEA009,Ananya Chandran,ananya.23mea009@example.edu,+91 90000 00129,ME,A,Prof. Sneha Balaji,sneha.t12@example.edu,Manufacturing Technology,ME304,46,44
23MEA009,Ananya Chandran,ananya.23mea009@example.edu,+91 90000 00129,ME,A,Prof. Sneha Balaji,sneha.t12@example.edu,Heat Transfer,ME305,46,44
23MEA009,Ananya Chandran,ananya.23mea009@example.edu,+91 90000 00129,ME,A,Prof. Sneha Balaji,sneha.t12@example.edu,Kinematics of Machines,ME306,46,43
23MEA010,Varun Krishnan,varun.23mea010@example.edu,+91 90000 00130,ME,A,Prof. Sneha Balaji,sneha.t12@example.edu,Thermodynamics,ME301,60,59
23MEA010,Varun Krishnan,varun.23mea010@example.edu,+91 90000 00130,ME,A,Prof. Sneha Balaji,sneha.t12@example.edu,Fluid Mechanics,ME302,47,45
23MEA010,Varun Krishnan,varun.23mea010@example.edu,+91 90000 00130,ME,A,Prof. Sneha Balaji,sneha.t12@example.edu,Machine Design,ME303,46,45
23MEA010,Varun Krishnan,varun.23mea010@example.edu,+91 90000 00130,ME,A,Prof. Sneha Balaji,sneha.t12@example.edu,Manufacturing Technology,ME304,46,45
23MEA010,Varun Krishnan,varun.23mea010@example.edu,+91 90000 00130,ME,A,Prof. Sneha Balaji,sneha.t12@example.edu,Heat Transfer,ME305,46,45
23MEA010,Varun Krishnan,varun.23mea010@example.edu,+91 90000 00130,ME,A,Prof. Sneha Balaji,sneha.t12@example.edu,Kinematics of Machines,ME306,46,45
23MEA011,Harish Krishnan,harish.23mea011@example.edu,+91 90000 00131,ME,A,Prof. Sneha Balaji,sneha.t12@example.edu,Thermodynamics,ME301,60,41
23MEA011,Harish Krishnan,harish.23mea011@example.edu,+91 90000 00131,ME,A,Prof. Sneha Balaji,sneha.t12@example.edu,Fluid Mechanics,ME302,47,32
23MEA011,Harish Krishnan,harish.23mea011@example.edu,+91 90000 00131,ME,A,Prof. Sneha Balaji,sneha.t12@example.edu,Machine Design,ME303,46,31
23MEA011,Harish Krishnan,harish.23mea011@example.edu,+91 90000 00131,ME,A,Prof. Sneha Balaji,sneha.t12@example.edu,Manufacturing Technology,ME304,46,32
23MEA011,Harish Krishnan,harish.23mea011@example.edu,+91 90000 00131,ME,A,Prof. Sneha Balaji,sneha.t12@example.edu,Heat Transfer,ME305,46,32
23MEA011,Harish Krishnan,harish.23mea011@example.edu,+91 90000 00131,ME,A,Prof. Sneha Balaji,sneha.t12@example.edu,Kinematics of Machines,ME306,46,32
23MEA012,Karthik Reddy,karthik.23mea012@example.edu,+91 90000 00132,ME,A,Prof. Sneha Balaji,sneha.t12@example.edu,Thermodynamics,ME301,60,51
23MEA012,Karthik Reddy,karthik.23mea012@example.edu,+91 90000 00132,ME,A,Prof. Sneha Balaji,sneha.t12@example.edu,Fluid Mechanics,ME302,47,40
23MEA012,Karthik Reddy,karthik.23mea012@example.edu,+91 90000 00132,ME,A,Prof. Sneha Balaji,sneha.t12@example.edu,Machine Design,ME303,46,39
23MEA012,Karthik Reddy,karthik.23mea012@example.edu,+91 90000 00132,ME,A,Prof. Sneha Balaji,sneha.t12@example.edu,Manufacturing Technology,ME304,46,40
23MEA012,Karthik Reddy,karthik.23mea012@example.edu,+91 90000 00132,ME,A,Prof. Sneha Balaji,sneha.t12@example.edu,Heat Transfer,ME305,46,40
23MEA012,Karthik Reddy,karthik.23mea012@example.edu,+91 90000 00132,ME,A,Prof. Sneha Balaji,sneha.t12@example.edu,Kinematics of Machines,ME306,46,40
23MEA013,Lavanya Subramanian,lavanya.23mea013@example.edu,+91 90000 00133,ME,A,Prof. Sneha Balaji,sneha.t12@example.edu,Thermodynamics,ME301,60,56
23MEA013,Lavanya Subramanian,lavanya.23mea013@example.edu,+91 90000 00133,ME,A,Prof. Sneha Balaji,sneha.t12@example.edu,Fluid Mechanics,ME302,47,43
23MEA013,Lavanya Subramanian,lavanya.23mea013@example.edu,+91 90000 00133,ME,A,Prof. Sneha Balaji,sneha.t12@example.edu,Machine Design,ME303,46,43
23MEA013,Lavanya Subramanian,lavanya.23mea013@example.edu,+91 90000 00133,ME,A,Prof. Sneha Balaji,sneha.t12@example.edu,Manufacturing Technology,ME304,46,42
23MEA013,Lavanya Subramanian,lavanya.23mea013@example.edu,+91 90000 00133,ME,A,Prof. Sneha Balaji,sneha.t12@example.edu,Heat Transfer,ME305,46,42
23MEA013,Lavanya Subramanian,lavanya.23mea013@example.edu,+91 90000 00133,ME,A,Prof. Sneha Balaji,sneha.t12@example.edu,Kinematics of Machines,ME306,46,43
23MEA014,Keerthana Kumar,keerthana.23mea014@example.edu,+91 90000 00134,ME,A,Prof. Sneha Balaji,sneha.t12@example.edu,Thermodynamics,ME301,60,57
23MEA014,Keerthana Kumar,keerthana.23mea014@example.edu,+91 90000 00134,ME,A,Prof. Sneha Balaji,sneha.t12@example.edu,Fluid Mechanics,ME302,47,44
23MEA014,Keerthana Kumar,keerthana.23mea014@example.edu,+91 90000 00134,ME,A,Prof. Sneha Balaji,sneha.t12@example.edu,Machine Design,ME303,46,43
23MEA014,Keerthana Kumar,keerthana.23mea014@example.edu,+91 90000 00134,ME,A,Prof. Sneha Balaji,sneha.t12@example.edu,Manufacturing Technology,ME304,46,44
23MEA014,Keerthana Kumar,keerthana.23mea014@example.edu,+91 90000 00134,ME,A,Prof. Sneha Balaji,sneha.t12@example.edu,Heat Transfer,ME305,46,43
23MEA014,Keerthana Kumar,keerthana.23mea014@example.edu,+91 90000 00134,ME,A,Prof. Sneha Balaji,sneha.t12@example.edu,Kinematics of Machines,ME306,46,43
23MEA015,Ananya Das,ananya.23mea015@example.edu,+91 90000 00135,ME,A,Prof. Sneha Balaji,sneha.t12@example.edu,Thermodynamics,ME301,60,56
23MEA015,Ananya Das,ananya.23mea015@example.edu,+91 90000 00135,ME,A,Prof. Sneha Balaji,sneha.t12@example.edu,Fluid Mechanics,ME302,47,44
23MEA015,Ananya Das,ananya.23mea015@example.edu,+91 90000 00135,ME,A,Prof. Sneha Balaji,sneha.t12@example.edu,Machine Design,ME303,46,42
23MEA015,Ananya Das,ananya.23mea015@example.edu,+91 90000 00135,ME,A,Prof. Sneha Balaji,sneha.t12@example.edu,Manufacturing Technology,ME304,46,42
23MEA015,Ananya Das,ananya.23mea015@example.edu,+91 90000 00135,ME,A,Prof. Sneha Balaji,sneha.t12@example.edu,Heat Transfer,ME305,46,43
23MEA015,Ananya Das,ananya.23mea015@example.edu,+91 90000 00135,ME,A,Prof. Sneha Balaji,sneha.t12@example.edu,Kinematics of Machines,ME306,46,43
23MEA016,Deepika Balaji,deepika.23mea016@example.edu,+91 90000 00136,ME,A,Prof. Sneha Balaji,sneha.t12@example.edu,Thermodynamics,ME301,60,58
23MEA016,Deepika Balaji,deepika.23mea016@example.edu,+91 90000 00136,ME,A,Prof. Sneha Balaji,sneha.t12@example.edu,Fluid Mechanics,ME302,47,44
23MEA016,Deepika Balaji,deepika.23mea016@example.edu,+91 90000 00136,ME,A,Prof. Sneha Balaji,sneha.t12@example.edu,Machine Design,ME303,46,44
23MEA016,Deepika Balaji,deepika.23mea016@example.edu,+91 90000 00136,ME,A,Prof. Sneha Balaji,sneha.t12@example.edu,Manufacturing Technology,ME304,46,44
23MEA016,Deepika Balaji,deepika.23mea016@example.edu,+91 90000 00136,ME,A,Prof. Sneha Balaji,sneha.t12@example.edu,Heat Transfer,ME305,46,44
23MEA016,Deepika Balaji,deepika.23mea016@example.edu,+91 90000 00136,ME,A,Prof. Sneha Balaji,sneha.t12@example.edu,Kinematics of Machines,ME306,46,44
23MEA017,Janani Menon,janani.23mea017@example.edu,+91 90000 00137,ME,A,Prof. Sneha Balaji,sneha.t12@example.edu,Thermodynamics,ME301,60,48
23MEA017,Janani Menon,janani.23mea017@example.edu,+91 90000 00137,ME,A,Prof. Sneha Balaji,sneha.t12@example.edu,Fluid Mechanics,ME302,47,38
23MEA017,Janani Menon,janani.23mea017@example.edu,+91 90000 00137,ME,A,Prof. Sneha Balaji,sneha.t12@example.edu,Machine Design,ME303,46,37
23MEA017,Janani Menon,janani.23mea017@example.edu,+91 90000 00137,ME,A,Prof. Sneha Balaji,sneha.t12@example.edu,Manufacturing Technology,ME304,46,37
23MEA017,Janani Menon,janani.23mea017@example.edu,+91 90000 00137,ME,A,Prof. Sneha Balaji,sneha.t12@example.edu,Heat Transfer,ME305,46,37
23MEA017,Janani Menon,janani.23mea017@example.edu,+91 90000 00137,ME,A,Prof. Sneha Balaji,sneha.t12@example.edu,Kinematics of Machines,ME306,46,37
23MEA018,Surya Bose,surya.23mea018@example.edu,+91 90000 00138,ME,A,Prof. Sneha Balaji,sneha.t12@example.edu,Thermodynamics,ME301,60,59
23MEA018,Surya Bose,surya.23mea018@example.edu,+91 90000 00138,ME,A,Prof. Sneha Balaji,sneha.t12@example.edu,Fluid Mechanics,ME302,47,46
23MEA018,Surya Bose,surya.23mea018@example.edu,+91 90000 00138,ME,A,Prof. Sneha Balaji,sneha.t12@example.edu,Machine Design,ME303,46,45
23MEA018,Surya Bose,surya.23mea018@example.edu,+91 90000 00138,ME,A,Prof. Sneha Balaji,sneha.t12@example.edu,Manufacturing Technology,ME304,46,45
23MEA018,Surya Bose,surya.23mea018@example.edu,+91 90000 00138,ME,A,Prof. Sneha Balaji,sneha.t12@example.edu,Heat Transfer,ME305,46,45
23MEA018,Surya Bose,surya.23mea018@example.edu,+91 90000 00138,ME,A,Prof. Sneha Balaji,sneha.t12@example.edu,Kinematics of Machines,ME306,46,45
23MEA019,Diya Joshi,diya.23mea019@example.edu,+91 90000 00139,ME,A,Prof. Sneha Balaji,sneha.t12@example.edu,Thermodynamics,ME301,60,55
23MEA019,Diya Joshi,diya.23mea019@example.edu,+91 90000 00139,ME,A,Prof. Sneha Balaji,sneha.t12@example.edu,Fluid Mechanics,ME302,47,43
23MEA019,Diya Joshi,diya.23mea019@example.edu,+91 90000 00139,ME,A,Prof. Sneha Balaji,sneha.t12@example.edu,Machine Design,ME303,46,43
23MEA019,Diya Joshi,diya.23mea019@example.edu,+91 90000 00139,ME,A,Prof. Sneha Balaji,sneha.t12@example.edu,Manufacturing Technology,ME304,46,42
23MEA019,Diya Joshi,diya.23mea019@example.edu,+91 90000 00139,ME,A,Prof. Sneha Balaji,sneha.t12@example.edu,Heat Transfer,ME305,46,42
23MEA019,Diya Joshi,diya.23mea019@example.edu,+91 90000 00139,ME,A,Prof. Sneha Balaji,sneha.t12@example.edu,Kinematics of Machines,ME306,46,43
23MEA020,Divya Krishnan,divya.23mea020@example.edu,+91 90000 00140,ME,A,Prof. Sneha Balaji,sneha.t12@example.edu,Thermodynamics,ME301,60,49
23MEA020,Divya Krishnan,divya.23mea020@example.edu,+91 90000 00140,ME,A,Prof. Sneha Balaji,sneha.t12@example.edu,Fluid Mechanics,ME302,47,38
23MEA020,Divya Krishnan,divya.23mea020@example.edu,+91 90000 00140,ME,A,Prof. Sneha Balaji,sneha.t12@example.edu,Machine Design,ME303,46,37
23MEA020,Divya Krishnan,divya.23mea020@example.edu,+91 90000 00140,ME,A,Prof. Sneha Balaji,sneha.t12@example.edu,Manufacturing Technology,ME304,46,38
23MEA020,Divya Krishnan,divya.23mea020@example.edu,+91 90000 00140,ME,A,Prof. Sneha Balaji,sneha.t12@example.edu,Heat Transfer,ME305,46,38
23MEA020,Divya Krishnan,divya.23mea020@example.edu,+91 90000 00140,ME,A,Prof. Sneha Balaji,sneha.t12@example.edu,Kinematics of Machines,ME306,46,37
23MEA021,Gokul Rao,gokul.23mea021@example.edu,+91 90000 00141,ME,A,Prof. Sneha Balaji,sneha.t12@example.edu,Thermodynamics,ME301,60,52
23MEA021,Gokul Rao,gokul.23mea021@example.edu,+91 90000 00141,ME,A,Prof. Sneha Balaji,sneha.t12@example.edu,Fluid Mechanics,ME302,47,40
23MEA021,Gokul Rao,gokul.23mea021@example.edu,+91 90000 00141,ME,A,Prof. Sneha Balaji,sneha.t12@example.edu,Machine Design,ME303,46,40
23MEA021,Gokul Rao,gokul.23mea021@example.edu,+91 90000 00141,ME,A,Prof. Sneha Balaji,sneha.t12@example.edu,Manufacturing Technology,ME304,46,39
23MEA021,Gokul Rao,gokul.23mea021@example.edu,+91 90000 00141,ME,A,Prof. Sneha Balaji,sneha.t12@example.edu,Heat Transfer,ME305,46,39
23MEA021,Gokul Rao,gokul.23mea021@example.edu,+91 90000 00141,ME,A,Prof. Sneha Balaji,sneha.t12@example.edu,Kinematics of Machines,ME306,46,40
23MEA022,Sneha Joshi,sneha.23mea022@example.edu,+91 90000 00142,ME,A,Prof. Sneha Balaji,sneha.t12@example.edu,Thermodynamics,ME301,60,55
23MEA022,Sneha Joshi,sneha.23mea022@example.edu,+91 90000 00142,ME,A,Prof. Sneha Balaji,sneha.t12@example.edu,Fluid Mechanics,ME302,47,43
23MEA022,Sneha Joshi,sneha.23mea022@example.edu,+91 90000 00142,ME,A,Prof. Sneha Balaji,sneha.t12@example.edu,Machine Design,ME303,46,42
23MEA022,Sneha Joshi,sneha.23mea022@example.edu,+91 90000 00142,ME,A,Prof. Sneha Balaji,sneha.t12@example.edu,Manufacturing Technology,ME304,46,42
23MEA022,Sneha Joshi,sneha.23mea022@example.edu,+91 90000 00142,ME,A,Prof. Sneha Balaji,sneha.t12@example.edu,Heat Transfer,ME305,46,42
23MEA022,Sneha Joshi,sneha.23mea022@example.edu,+91 90000 00142,ME,A,Prof. Sneha Balaji,sneha.t12@example.edu,Kinematics of Machines,ME306,46,42
23MEA023,Swathi Kumar,swathi.23mea023@example.edu,+91 90000 00143,ME,A,Prof. Sneha Balaji,sneha.t12@example.edu,Thermodynamics,ME301,60,56
23MEA023,Swathi Kumar,swathi.23mea023@example.edu,+91 90000 00143,ME,A,Prof. Sneha Balaji,sneha.t12@example.edu,Fluid Mechanics,ME302,47,43
23MEA023,Swathi Kumar,swathi.23mea023@example.edu,+91 90000 00143,ME,A,Prof. Sneha Balaji,sneha.t12@example.edu,Machine Design,ME303,46,43
23MEA023,Swathi Kumar,swathi.23mea023@example.edu,+91 90000 00143,ME,A,Prof. Sneha Balaji,sneha.t12@example.edu,Manufacturing Technology,ME304,46,42
23MEA023,Swathi Kumar,swathi.23mea023@example.edu,+91 90000 00143,ME,A,Prof. Sneha Balaji,sneha.t12@example.edu,Heat Transfer,ME305,46,43
23MEA023,Swathi Kumar,swathi.23mea023@example.edu,+91 90000 00143,ME,A,Prof. Sneha Balaji,sneha.t12@example.edu,Kinematics of Machines,ME306,46,43
23MEA024,Revathi Bose,revathi.23mea024@example.edu,+91 90000 00144,ME,A,Prof. Sneha Balaji,sneha.t12@example.edu,Thermodynamics,ME301,60,56
23MEA024,Revathi Bose,revathi.23mea024@example.edu,+91 90000 00144,ME,A,Prof. Sneha Balaji,sneha.t12@example.edu,Fluid Mechanics,ME302,47,43
23MEA024,Revathi Bose,revathi.23mea024@example.edu,+91 90000 00144,ME,A,Prof. Sneha Balaji,sneha.t12@example.edu,Machine Design,ME303,46,43
23MEA024,Revathi Bose,revathi.23mea024@example.edu,+91 90000 00144,ME,A,Prof. Sneha Balaji,sneha.t12@example.edu,Manufacturing Technology,ME304,46,43
23MEA024,Revathi Bose,revathi.23mea024@example.edu,+91 90000 00144,ME,A,Prof. Sneha Balaji,sneha.t12@example.edu,Heat Transfer,ME305,46,43
23MEA024,Revathi Bose,revathi.23mea024@example.edu,+91 90000 00144,ME,A,Prof. Sneha Balaji,sneha.t12@example.edu,Kinematics of Machines,ME306,46,43
23MEA025,Manoj Joshi,manoj.23mea025@example.edu,+91 90000 00145,ME,A,Prof. Sneha Balaji,sneha.t12@example.edu,Thermodynamics,ME301,60,55
23MEA025,Manoj Joshi,manoj.23mea025@example.edu,+91 90000 00145,ME,A,Prof. Sneha Balaji,sneha.t12@example.edu,Fluid Mechanics,ME302,47,44
23MEA025,Manoj Joshi,manoj.23mea025@example.edu,+91 90000 00145,ME,A,Prof. Sneha Balaji,sneha.t12@example.edu,Machine Design,ME303,46,43
23MEA025,Manoj Joshi,manoj.23mea025@example.edu,+91 90000 00145,ME,A,Prof. Sneha Balaji,sneha.t12@example.edu,Manufacturing Technology,ME304,46,43
23MEA025,Manoj Joshi,manoj.23mea025@example.edu,+91 90000 00145,ME,A,Prof. Sneha Balaji,sneha.t12@example.edu,Heat Transfer,ME305,46,43
23MEA025,Manoj Joshi,manoj.23mea025@example.edu,+91 90000 00145,ME,A,Prof. Sneha Balaji,sneha.t12@example.edu,Kinematics of Machines,ME306,46,43
23MEA026,Pooja Mishra,pooja.23mea026@example.edu,+91 90000 00146,ME,A,Prof. Sneha Balaji,sneha.t12@example.edu,Thermodynamics,ME301,60,57
23MEA026,Pooja Mishra,pooja.23mea026@example.edu,+91 90000 00146,ME,A,Prof. Sneha Balaji,sneha.t12@example.edu,Fluid Mechanics,ME302,47,44
23MEA026,Pooja Mishra,pooja.23mea026@example.edu,+91 90000 00146,ME,A,Prof. Sneha Balaji,sneha.t12@example.edu,Machine Design,ME303,46,44
23MEA026,Pooja Mishra,pooja.23mea026@example.edu,+91 90000 00146,ME,A,Prof. Sneha Balaji,sneha.t12@example.edu,Manufacturing Technology,ME304,46,44
23MEA026,Pooja Mishra,pooja.23mea026@example.edu,+91 90000 00146,ME,A,Prof. Sneha Balaji,sneha.t12@example.edu,Heat Transfer,ME305,46,44
23MEA026,Pooja Mishra,pooja.23mea026@example.edu,+91 90000 00146,ME,A,Prof. Sneha Balaji,sneha.t12@example.edu,Kinematics of Machines,ME306,46,44
23MEA027,Naveen Pillai,naveen.23mea027@example.edu,+91 90000 00147,ME,A,Prof. Sneha Balaji,sneha.t12@example.edu,Thermodynamics,ME301,60,56
23MEA027,Naveen Pillai,naveen.23mea027@example.edu,+91 90000 00147,ME,A,Prof. Sneha Balaji,sneha.t12@example.edu,Fluid Mechanics,ME302,47,44
23MEA027,Naveen Pillai,naveen.23mea027@example.edu,+91 90000 00147,ME,A,Prof. Sneha Balaji,sneha.t12@example.edu,Machine Design,ME303,46,42
23MEA027,Naveen Pillai,naveen.23mea027@example.edu,+91 90000 00147,ME,A,Prof. Sneha Balaji,sneha.t12@example.edu,Manufacturing Technology,ME304,46,43
23MEA027,Naveen Pillai,naveen.23mea027@example.edu,+91 90000 00147,ME,A,Prof. Sneha Balaji,sneha.t12@example.edu,Heat Transfer,ME305,46,43
23MEA027,Naveen Pillai,naveen.23mea027@example.edu,+91 90000 00147,ME,A,Prof. Sneha Balaji,sneha.t12@example.edu,Kinematics of Machines,ME306,46,43
23MEA028,Vignesh Subramanian,vignesh.23mea028@example.edu,+91 90000 00148,ME,A,Prof. Sneha Balaji,sneha.t12@example.edu,Thermodynamics,ME301,60,45
23MEA028,Vignesh Subramanian,vignesh.23mea028@example.edu,+91 90000 00148,ME,A,Prof. Sneha Balaji,sneha.t12@example.edu,Fluid Mechanics,ME302,47,35
23MEA028,Vignesh Subramanian,vignesh.23mea028@example.edu,+91 90000 00148,ME,A,Prof. Sneha Balaji,sneha.t12@example.edu,Machine Design,ME303,46,34
23MEA028,Vignesh Subramanian,vignesh.23mea028@example.edu,+91 90000 00148,ME,A,Prof. Sneha Balaji,sneha.t12@example.edu,Manufacturing Technology,ME304,46,34
23MEA028,Vignesh Subramanian,vignesh.23mea028@example.edu,+91 90000 00148,ME,A,Prof. Sneha Balaji,sneha.t12@example.edu,Heat Transfer,ME305,46,34
23MEA028,Vignesh Subramanian,vignesh.23mea028@example.edu,+91 90000 00148,ME,A,Prof. Sneha Balaji,sneha.t12@example.edu,Kinematics of Machines,ME306,46,34
23MEA029,Sneha Patel,sneha.23mea029@example.edu,+91 90000 00149,ME,A,Prof. Sneha Balaji,sneha.t12@example.edu,Thermodynamics,ME301,60,55
23MEA029,Sneha Patel,sneha.23mea029@example.edu,+91 90000 00149,ME,A,Prof. Sneha Balaji,sneha.t12@example.edu,Fluid Mechanics,ME302,47,44
23MEA029,Sneha Patel,sneha.23mea029@example.edu,+91 90000 00149,ME,A,Prof. Sneha Balaji,sneha.t12@example.edu,Machine Design,ME303,46,42
23MEA029,Sneha Patel,sneha.23mea029@example.edu,+91 90000 00149,ME,A,Prof. Sneha Balaji,sneha.t12@example.edu,Manufacturing Technology,ME304,46,42
23MEA029,Sneha Patel,sneha.23mea029@example.edu,+91 90000 00149,ME,A,Prof. Sneha Balaji,sneha.t12@example.edu,Heat Transfer,ME305,46,43
23MEA029,Sneha Patel,sneha.23mea029@example.edu,+91 90000 00149,ME,A,Prof. Sneha Balaji,sneha.t12@example.edu,Kinematics of Machines,ME306,46,42
23MEA030,Vignesh Das,vignesh.23mea030@example.edu,+91 90000 00150,ME,A,Prof. Sneha Balaji,sneha.t12@example.edu,Thermodynamics,ME301,60,58
23MEA030,Vignesh Das,vignesh.23mea030@example.edu,+91 90000 00150,ME,A,Prof. Sneha Balaji,sneha.t12@example.edu,Fluid Mechanics,ME302,47,46
23MEA030,Vignesh Das,vignesh.23mea030@example.edu,+91 90000 00150,ME,A,Prof. Sneha Balaji,sneha.t12@example.edu,Machine Design,ME303,46,45
23MEA030,Vignesh Das,vignesh.23mea030@example.edu,+91 90000 00150,ME,A,Prof. Sneha Balaji,sneha.t12@example.edu,Manufacturing Technology,ME304,46,45
23MEA030,Vignesh Das,vignesh.23mea030@example.edu,+91 90000 00150,ME,A,Prof. Sneha Balaji,sneha.t12@example.edu,Heat Transfer,ME305,46,44
23MEA030,Vignesh Das,vignesh.23mea030@example.edu,+91 90000 00150,ME,A,Prof. Sneha Balaji,sneha.t12@example.edu,Kinematics of Machines,ME306,46,45
23MEB001,Ishita Menon,ishita.23meb001@example.edu,+91 90000 00151,ME,B,Prof. Ramesh Sharma,ramesh.t13@example.edu,Thermodynamics,ME301,60,36
23MEB001,Ishita Menon,ishita.23meb001@example.edu,+91 90000 00151,ME,B,Prof. Ramesh Sharma,ramesh.t13@example.edu,Fluid Mechanics,ME302,46,28
23MEB001,Ishita Menon,ishita.23meb001@example.edu,+91 90000 00151,ME,B,Prof. Ramesh Sharma,ramesh.t13@example.edu,Machine Design,ME303,47,29
23MEB001,Ishita Menon,ishita.23meb001@example.edu,+91 90000 00151,ME,B,Prof. Ramesh Sharma,ramesh.t13@example.edu,Manufacturing Technology,ME304,47,29
23MEB001,Ishita Menon,ishita.23meb001@example.edu,+91 90000 00151,ME,B,Prof. Ramesh Sharma,ramesh.t13@example.edu,Heat Transfer,ME305,46,28
23MEB001,Ishita Menon,ishita.23meb001@example.edu,+91 90000 00151,ME,B,Prof. Ramesh Sharma,ramesh.t13@example.edu,Kinematics of Machines,ME306,46,28
23MEB002,Nikhil Menon,nikhil.23meb002@example.edu,+91 90000 00152,ME,B,Prof. Ramesh Sharma,ramesh.t13@example.edu,Thermodynamics,ME301,60,59
23MEB002,Nikhil Menon,nikhil.23meb002@example.edu,+91 90000 00152,ME,B,Prof. Ramesh Sharma,ramesh.t13@example.edu,Fluid Mechanics,ME302,46,45
23MEB002,Nikhil Menon,nikhil.23meb002@example.edu,+91 90000 00152,ME,B,Prof. Ramesh Sharma,ramesh.t13@example.edu,Machine Design,ME303,47,46
23MEB002,Nikhil Menon,nikhil.23meb002@example.edu,+91 90000 00152,ME,B,Prof. Ramesh Sharma,ramesh.t13@example.edu,Manufacturing Technology,ME304,47,46
23MEB002,Nikhil Menon,nikhil.23meb002@example.edu,+91 90000 00152,ME,B,Prof. Ramesh Sharma,ramesh.t13@example.edu,Heat Transfer,ME305,46,45
23MEB002,Nikhil Menon,nikhil.23meb002@example.edu,+91 90000 00152,ME,B,Prof. Ramesh Sharma,ramesh.t13@example.edu,Kinematics of Machines,ME306,46,45
23MEB003,Priyanka Joshi,priyanka.23meb003@example.edu,+91 90000 00153,ME,B,Prof. Ramesh Sharma,ramesh.t13@example.edu,Thermodynamics,ME301,60,60
23MEB003,Priyanka Joshi,priyanka.23meb003@example.edu,+91 90000 00153,ME,B,Prof. Ramesh Sharma,ramesh.t13@example.edu,Fluid Mechanics,ME302,46,46
23MEB003,Priyanka Joshi,priyanka.23meb003@example.edu,+91 90000 00153,ME,B,Prof. Ramesh Sharma,ramesh.t13@example.edu,Machine Design,ME303,47,47
23MEB003,Priyanka Joshi,priyanka.23meb003@example.edu,+91 90000 00153,ME,B,Prof. Ramesh Sharma,ramesh.t13@example.edu,Manufacturing Technology,ME304,47,46
23MEB003,Priyanka Joshi,priyanka.23meb003@example.edu,+91 90000 00153,ME,B,Prof. Ramesh Sharma,ramesh.t13@example.edu,Heat Transfer,ME305,46,45
23MEB003,Priyanka Joshi,priyanka.23meb003@example.edu,+91 90000 00153,ME,B,Prof. Ramesh Sharma,ramesh.t13@example.edu,Kinematics of Machines,ME306,46,45
23MEB004,Meera Gupta,meera.23meb004@example.edu,+91 90000 00154,ME,B,Prof. Ramesh Sharma,ramesh.t13@example.edu,Thermodynamics,ME301,60,57
23MEB004,Meera Gupta,meera.23meb004@example.edu,+91 90000 00154,ME,B,Prof. Ramesh Sharma,ramesh.t13@example.edu,Fluid Mechanics,ME302,46,44
23MEB004,Meera Gupta,meera.23meb004@example.edu,+91 90000 00154,ME,B,Prof. Ramesh Sharma,ramesh.t13@example.edu,Machine Design,ME303,47,45
23MEB004,Meera Gupta,meera.23meb004@example.edu,+91 90000 00154,ME,B,Prof. Ramesh Sharma,ramesh.t13@example.edu,Manufacturing Technology,ME304,47,46
23MEB004,Meera Gupta,meera.23meb004@example.edu,+91 90000 00154,ME,B,Prof. Ramesh Sharma,ramesh.t13@example.edu,Heat Transfer,ME305,46,44
23MEB004,Meera Gupta,meera.23meb004@example.edu,+91 90000 00154,ME,B,Prof. Ramesh Sharma,ramesh.t13@example.edu,Kinematics of Machines,ME306,46,44
23MEB005,Rohan Reddy,rohan.23meb005@example.edu,+91 90000 00155,ME,B,Prof. Ramesh Sharma,ramesh.t13@example.edu,Thermodynamics,ME301,60,59
23MEB005,Rohan Reddy,rohan.23meb005@example.edu,+91 90000 00155,ME,B,Prof. Ramesh Sharma,ramesh.t13@example.edu,Fluid Mechanics,ME302,46,45
23MEB005,Rohan Reddy,rohan.23meb005@example.edu,+91 90000 00155,ME,B,Prof. Ramesh Sharma,ramesh.t13@example.edu,Machine Design,ME303,47,46
23MEB005,Rohan Reddy,rohan.23meb005@example.edu,+91 90000 00155,ME,B,Prof. Ramesh Sharma,ramesh.t13@example.edu,Manufacturing Technology,ME304,47,45
23MEB005,Rohan Reddy,rohan.23meb005@example.edu,+91 90000 00155,ME,B,Prof. Ramesh Sharma,ramesh.t13@example.edu,Heat Transfer,ME305,46,45
23MEB005,Rohan Reddy,rohan.23meb005@example.edu,+91 90000 00155,ME,B,Prof. Ramesh Sharma,ramesh.t13@example.edu,Kinematics of Machines,ME306,46,44
23MEB006,Lavanya Das,lavanya.23meb006@example.edu,+91 90000 00156,ME,B,Prof. Ramesh Sharma,ramesh.t13@example.edu,Thermodynamics,ME301,60,59
23MEB006,Lavanya Das,lavanya.23meb006@example.edu,+91 90000 00156,ME,B,Prof. Ramesh Sharma,ramesh.t13@example.edu,Fluid Mechanics,ME302,46,45
23MEB006,Lavanya Das,lavanya.23meb006@example.edu,+91 90000 00156,ME,B,Prof. Ramesh Sharma,ramesh.t13@example.edu,Machine Design,ME303,47,46
23MEB006,Lavanya Das,lavanya.23meb006@example.edu,+91 90000 00156,ME,B,Prof. Ramesh Sharma,ramesh.t13@example.edu,Manufacturing Technology,ME304,47,46
23MEB006,Lavanya Das,lavanya.23meb006@example.edu,+91 90000 00156,ME,B,Prof. Ramesh Sharma,ramesh.t13@example.edu,Heat Transfer,ME305,46,45
23MEB006,Lavanya Das,lavanya.23meb006@example.edu,+91 90000 00156,ME,B,Prof. Ramesh Sharma,ramesh.t13@example.edu,Kinematics of Machines,ME306,46,45
23MEB007,Meera Patel,meera.23meb007@example.edu,+91 90000 00157,ME,B,Prof. Ramesh Sharma,ramesh.t13@example.edu,Thermodynamics,ME301,60,31
23MEB007,Meera Patel,meera.23meb007@example.edu,+91 90000 00157,ME,B,Prof. Ramesh Sharma,ramesh.t13@example.edu,Fluid Mechanics,ME302,46,24
23MEB007,Meera Patel,meera.23meb007@example.edu,+91 90000 00157,ME,B,Prof. Ramesh Sharma,ramesh.t13@example.edu,Machine Design,ME303,47,25
23MEB007,Meera Patel,meera.23meb007@example.edu,+91 90000 00157,ME,B,Prof. Ramesh Sharma,ramesh.t13@example.edu,Manufacturing Technology,ME304,47,25
23MEB007,Meera Patel,meera.23meb007@example.edu,+91 90000 00157,ME,B,Prof. Ramesh Sharma,ramesh.t13@example.edu,Heat Transfer,ME305,46,24
23MEB007,Meera Patel,meera.23meb007@example.edu,+91 90000 00157,ME,B,Prof. Ramesh Sharma,ramesh.t13@example.edu,Kinematics of Machines,ME306,46,24
23MEB008,Gokul Das,gokul.23meb008@example.edu,+91 90000 00158,ME,B,Prof. Ramesh Sharma,ramesh.t13@example.edu,Thermodynamics,ME301,60,59
23MEB008,Gokul Das,gokul.23meb008@example.edu,+91 90000 00158,ME,B,Prof. Ramesh Sharma,ramesh.t13@example.edu,Fluid Mechanics,ME302,46,46
23MEB008,Gokul Das,gokul.23meb008@example.edu,+91 90000 00158,ME,B,Prof. Ramesh Sharma,ramesh.t13@example.edu,Machine Design,ME303,47,47
23MEB008,Gokul Das,gokul.23meb008@example.edu,+91 90000 00158,ME,B,Prof. Ramesh Sharma,ramesh.t13@example.edu,Manufacturing Technology,ME304,47,46
23MEB008,Gokul Das,gokul.23meb008@example.edu,+91 90000 00158,ME,B,Prof. Ramesh Sharma,ramesh.t13@example.edu,Heat Transfer,ME305,46,46
23MEB008,Gokul Das,gokul.23meb008@example.edu,+91 90000 00158,ME,B,Prof. Ramesh Sharma,ramesh.t13@example.edu,Kinematics of Machines,ME306,46,45
23MEB009,Kavya Raman,kavya.23meb009@example.edu,+91 90000 00159,ME,B,Prof. Ramesh Sharma,ramesh.t13@example.edu,Thermodynamics,ME301,60,59
23MEB009,Kavya Raman,kavya.23meb009@example.edu,+91 90000 00159,ME,B,Prof. Ramesh Sharma,ramesh.t13@example.edu,Fluid Mechanics,ME302,46,45
23MEB009,Kavya Raman,kavya.23meb009@example.edu,+91 90000 00159,ME,B,Prof. Ramesh Sharma,ramesh.t13@example.edu,Machine Design,ME303,47,47
23MEB009,Kavya Raman,kavya.23meb009@example.edu,+91 90000 00159,ME,B,Prof. Ramesh Sharma,ramesh.t13@example.edu,Manufacturing Technology,ME304,47,46
23MEB009,Kavya Raman,kavya.23meb009@example.edu,+91 90000 00159,ME,B,Prof. Ramesh Sharma,ramesh.t13@example.edu,Heat Transfer,ME305,46,45
23MEB009,Kavya Raman,kavya.23meb009@example.edu,+91 90000 00159,ME,B,Prof. Ramesh Sharma,ramesh.t13@example.edu,Kinematics of Machines,ME306,46,45
23MEB010,Aditya Chandran,aditya.23meb010@example.edu,+91 90000 00160,ME,B,Prof. Ramesh Sharma,ramesh.t13@example.edu,Thermodynamics,ME301,60,59
23MEB010,Aditya Chandran,aditya.23meb010@example.edu,+91 90000 00160,ME,B,Prof. Ramesh Sharma,ramesh.t13@example.edu,Fluid Mechanics,ME302,46,46
23MEB010,Aditya Chandran,aditya.23meb010@example.edu,+91 90000 00160,ME,B,Prof. Ramesh Sharma,ramesh.t13@example.edu,Machine Design,ME303,47,47
23MEB010,Aditya Chandran,aditya.23meb010@example.edu,+91 90000 00160,ME,B,Prof. Ramesh Sharma,ramesh.t13@example.edu,Manufacturing Technology,ME304,47,47
23MEB010,Aditya Chandran,aditya.23meb010@example.edu,+91 90000 00160,ME,B,Prof. Ramesh Sharma,ramesh.t13@example.edu,Heat Transfer,ME305,46,45
23MEB010,Aditya Chandran,aditya.23meb010@example.edu,+91 90000 00160,ME,B,Prof. Ramesh Sharma,ramesh.t13@example.edu,Kinematics of Machines,ME306,46,45
23MEB011,Priyanka Nair,priyanka.23meb011@example.edu,+91 90000 00161,ME,B,Prof. Ramesh Sharma,ramesh.t13@example.edu,Thermodynamics,ME301,60,42
23MEB011,Priyanka Nair,priyanka.23meb011@example.edu,+91 90000 00161,ME,B,Prof. Ramesh Sharma,ramesh.t13@example.edu,Fluid Mechanics,ME302,46,33
23MEB011,Priyanka Nair,priyanka.23meb011@example.edu,+91 90000 00161,ME,B,Prof. Ramesh Sharma,ramesh.t13@example.edu,Machine Design,ME303,47,33
23MEB011,Priyanka Nair,priyanka.23meb011@example.edu,+91 90000 00161,ME,B,Prof. Ramesh Sharma,ramesh.t13@example.edu,Manufacturing Technology,ME304,47,34
23MEB011,Priyanka Nair,priyanka.23meb011@example.edu,+91 90000 00161,ME,B,Prof. Ramesh Sharma,ramesh.t13@example.edu,Heat Transfer,ME305,46,33
23MEB011,Priyanka Nair,priyanka.23meb011@example.edu,+91 90000 00161,ME,B,Prof. Ramesh Sharma,ramesh.t13@example.edu,Kinematics of Machines,ME306,46,33
23MEB012,Revathi Nair,revathi.23meb012@example.edu,+91 90000 00162,ME,B,Prof. Ramesh Sharma,ramesh.t13@example.edu,Thermodynamics,ME301,60,55
23MEB012,Revathi Nair,revathi.23meb012@example.edu,+91 90000 00162,ME,B,Prof. Ramesh Sharma,ramesh.t13@example.edu,Fluid Mechanics,ME302,46,42
23MEB012,Revathi Nair,revathi.23meb012@example.edu,+91 90000 00162,ME,B,Prof. Ramesh Sharma,ramesh.t13@example.edu,Machine Design,ME303,47,43
23MEB012,Revathi Nair,revathi.23meb012@example.edu,+91 90000 00162,ME,B,Prof. Ramesh Sharma,ramesh.t13@example.edu,Manufacturing Technology,ME304,47,43
23MEB012,Revathi Nair,revathi.23meb012@example.edu,+91 90000 00162,ME,B,Prof. Ramesh Sharma,ramesh.t13@example.edu,Heat Transfer,ME305,46,43
23MEB012,Revathi Nair,revathi.23meb012@example.edu,+91 90000 00162,ME,B,Prof. Ramesh Sharma,ramesh.t13@example.edu,Kinematics of Machines,ME306,46,42
23MEB013,Janani Krishnan,janani.23meb013@example.edu,+91 90000 00163,ME,B,Prof. Ramesh Sharma,ramesh.t13@example.edu,Thermodynamics,ME301,60,48
23MEB013,Janani Krishnan,janani.23meb013@example.edu,+91 90000 00163,ME,B,Prof. Ramesh Sharma,ramesh.t13@example.edu,Fluid Mechanics,ME302,46,37
23MEB013,Janani Krishnan,janani.23meb013@example.edu,+91 90000 00163,ME,B,Prof. Ramesh Sharma,ramesh.t13@example.edu,Machine Design,ME303,47,38
23MEB013,Janani Krishnan,janani.23meb013@example.edu,+91 90000 00163,ME,B,Prof. Ramesh Sharma,ramesh.t13@example.edu,Manufacturing Technology,ME304,47,37
23MEB013,Janani Krishnan,janani.23meb013@example.edu,+91 90000 00163,ME,B,Prof. Ramesh Sharma,ramesh.t13@example.edu,Heat Transfer,ME305,46,37
23MEB013,Janani Krishnan,janani.23meb013@example.edu,+91 90000 00163,ME,B,Prof. Ramesh Sharma,ramesh.t13@example.edu,Kinematics of Machines,ME306,46,37
23MEB014,Naveen Bose,naveen.23meb014@example.edu,+91 90000 00164,ME,B,Prof. Ramesh Sharma,ramesh.t13@example.edu,Thermodynamics,ME301,60,52
23MEB014,Naveen Bose,naveen.23meb014@example.edu,+91 90000 00164,ME,B,Prof. Ramesh Sharma,ramesh.t13@example.edu,Fluid Mechanics,ME302,46,39
23MEB014,Naveen Bose,naveen.23meb014@example.edu,+91 90000 00164,ME,B,Prof. Ramesh Sharma,ramesh.t13@example.edu,Machine Design,ME303,47,40
23MEB014,Naveen Bose,naveen.23meb014@example.edu,+91 90000 00164,ME,B,Prof. Ramesh Sharma,ramesh.t13@example.edu,Manufacturing Technology,ME304,47,40
23MEB014,Naveen Bose,naveen.23meb014@example.edu,+91 90000 00164,ME,B,Prof. Ramesh Sharma,ramesh.t13@example.edu,Heat Transfer,ME305,46,39
23MEB014,Naveen Bose,naveen.23meb014@example.edu,+91 90000 00164,ME,B,Prof. Ramesh Sharma,ramesh.t13@example.edu,Kinematics of Machines,ME306,46,40
23MEB015,Divya Venkatesh,divya.23meb015@example.edu,+91 90000 00165,ME,B,Prof. Ramesh Sharma,ramesh.t13@example.edu,Thermodynamics,ME301,60,57
23MEB015,Divya Venkatesh,divya.23meb015@example.edu,+91 90000 00165,ME,B,Prof. Ramesh Sharma,ramesh.t13@example.edu,Fluid Mechanics,ME302,46,44
23MEB015,Divya Venkatesh,divya.23meb015@example.edu,+91 90000 00165,ME,B,Prof. Ramesh Sharma,ramesh.t13@example.edu,Machine Design,ME303,47,44
23MEB015,Divya Venkatesh,divya.23meb015@example.edu,+91 90000 00165,ME,B,Prof. Ramesh Sharma,ramesh.t13@example.edu,Manufacturing Technology,ME304,47,45
23MEB015,Divya Venkatesh,divya.23meb015@example.edu,+91 90000 00165,ME,B,Prof. Ramesh Sharma,ramesh.t13@example.edu,Heat Transfer,ME305,46,43
23MEB015,Divya Venkatesh,divya.23meb015@example.edu,+91 90000 00165,ME,B,Prof. Ramesh Sharma,ramesh.t13@example.edu,Kinematics of Machines,ME306,46,44
23MEB016,Bhavana Krishnan,bhavana.23meb016@example.edu,+91 90000 00166,ME,B,Prof. Ramesh Sharma,ramesh.t13@example.edu,Thermodynamics,ME301,60,42
23MEB016,Bhavana Krishnan,bhavana.23meb016@example.edu,+91 90000 00166,ME,B,Prof. Ramesh Sharma,ramesh.t13@example.edu,Fluid Mechanics,ME302,46,32
23MEB016,Bhavana Krishnan,bhavana.23meb016@example.edu,+91 90000 00166,ME,B,Prof. Ramesh Sharma,ramesh.t13@example.edu,Machine Design,ME303,47,33
23MEB016,Bhavana Krishnan,bhavana.23meb016@example.edu,+91 90000 00166,ME,B,Prof. Ramesh Sharma,ramesh.t13@example.edu,Manufacturing Technology,ME304,47,33
23MEB016,Bhavana Krishnan,bhavana.23meb016@example.edu,+91 90000 00166,ME,B,Prof. Ramesh Sharma,ramesh.t13@example.edu,Heat Transfer,ME305,46,32
23MEB016,Bhavana Krishnan,bhavana.23meb016@example.edu,+91 90000 00166,ME,B,Prof. Ramesh Sharma,ramesh.t13@example.edu,Kinematics of Machines,ME306,46,32
23MEB017,Rahul Rao,rahul.23meb017@example.edu,+91 90000 00167,ME,B,Prof. Ramesh Sharma,ramesh.t13@example.edu,Thermodynamics,ME301,60,38
23MEB017,Rahul Rao,rahul.23meb017@example.edu,+91 90000 00167,ME,B,Prof. Ramesh Sharma,ramesh.t13@example.edu,Fluid Mechanics,ME302,46,29
23MEB017,Rahul Rao,rahul.23meb017@example.edu,+91 90000 00167,ME,B,Prof. Ramesh Sharma,ramesh.t13@example.edu,Machine Design,ME303,47,29
23MEB017,Rahul Rao,rahul.23meb017@example.edu,+91 90000 00167,ME,B,Prof. Ramesh Sharma,ramesh.t13@example.edu,Manufacturing Technology,ME304,47,29
23MEB017,Rahul Rao,rahul.23meb017@example.edu,+91 90000 00167,ME,B,Prof. Ramesh Sharma,ramesh.t13@example.edu,Heat Transfer,ME305,46,28
23MEB017,Rahul Rao,rahul.23meb017@example.edu,+91 90000 00167,ME,B,Prof. Ramesh Sharma,ramesh.t13@example.edu,Kinematics of Machines,ME306,46,29
23MEB018,Pooja Gupta,pooja.23meb018@example.edu,+91 90000 00168,ME,B,Prof. Ramesh Sharma,ramesh.t13@example.edu,Thermodynamics,ME301,60,56
23MEB018,Pooja Gupta,pooja.23meb018@example.edu,+91 90000 00168,ME,B,Prof. Ramesh Sharma,ramesh.t13@example.edu,Fluid Mechanics,ME302,46,44
23MEB018,Pooja Gupta,pooja.23meb018@example.edu,+91 90000 00168,ME,B,Prof. Ramesh Sharma,ramesh.t13@example.edu,Machine Design,ME303,47,44
23MEB018,Pooja Gupta,pooja.23meb018@example.edu,+91 90000 00168,ME,B,Prof. Ramesh Sharma,ramesh.t13@example.edu,Manufacturing Technology,ME304,47,45
23MEB018,Pooja Gupta,pooja.23meb018@example.edu,+91 90000 00168,ME,B,Prof. Ramesh Sharma,ramesh.t13@example.edu,Heat Transfer,ME305,46,43
23MEB018,Pooja Gupta,pooja.23meb018@example.edu,+91 90000 00168,ME,B,Prof. Ramesh Sharma,ramesh.t13@example.edu,Kinematics of Machines,ME306,46,43
23MEB019,Pooja Bose,pooja.23meb019@example.edu,+91 90000 00169,ME,B,Prof. Ramesh Sharma,ramesh.t13@example.edu,Thermodynamics,ME301,60,56
23MEB019,Pooja Bose,pooja.23meb019@example.edu,+91 90000 00169,ME,B,Prof. Ramesh Sharma,ramesh.t13@example.edu,Fluid Mechanics,ME302,46,43
23MEB019,Pooja Bose,pooja.23meb019@example.edu,+91 90000 00169,ME,B,Prof. Ramesh Sharma,ramesh.t13@example.edu,Machine Design,ME303,47,44
23MEB019,Pooja Bose,pooja.23meb019@example.edu,+91 90000 00169,ME,B,Prof. Ramesh Sharma,ramesh.t13@example.edu,Manufacturing Technology,ME304,47,43
23MEB019,Pooja Bose,pooja.23meb019@example.edu,+91 90000 00169,ME,B,Prof. Ramesh Sharma,ramesh.t13@example.edu,Heat Transfer,ME305,46,43
23MEB019,Pooja Bose,pooja.23meb019@example.edu,+91 90000 00169,ME,B,Prof. Ramesh Sharma,ramesh.t13@example.edu,Kinematics of Machines,ME306,46,43
23MEB020,Shreya Patel,shreya.23meb020@example.edu,+91 90000 00170,ME,B,Prof. Ramesh Sharma,ramesh.t13@example.edu,Thermodynamics,ME301,60,42
23MEB020,Shreya Patel,shreya.23meb020@example.edu,+91 90000 00170,ME,B,Prof. Ramesh Sharma,ramesh.t13@example.edu,Fluid Mechanics,ME302,46,32
23MEB020,Shreya Patel,shreya.23meb020@example.edu,+91 90000 00170,ME,B,Prof. Ramesh Sharma,ramesh.t13@example.edu,Machine Design,ME303,47,33
23MEB020,Shreya Patel,shreya.23meb020@example.edu,+91 90000 00170,ME,B,Prof. Ramesh Sharma,ramesh.t13@example.edu,Manufacturing Technology,ME304,47,33
23MEB020,Shreya Patel,shreya.23meb020@example.edu,+91 90000 00170,ME,B,Prof. Ramesh Sharma,ramesh.t13@example.edu,Heat Transfer,ME305,46,32
23MEB020,Shreya Patel,shreya.23meb020@example.edu,+91 90000 00170,ME,B,Prof. Ramesh Sharma,ramesh.t13@example.edu,Kinematics of Machines,ME306,46,32
23MEB021,Revathi Reddy,revathi.23meb021@example.edu,+91 90000 00171,ME,B,Prof. Ramesh Sharma,ramesh.t13@example.edu,Thermodynamics,ME301,60,58
23MEB021,Revathi Reddy,revathi.23meb021@example.edu,+91 90000 00171,ME,B,Prof. Ramesh Sharma,ramesh.t13@example.edu,Fluid Mechanics,ME302,46,44
23MEB021,Revathi Reddy,revathi.23meb021@example.edu,+91 90000 00171,ME,B,Prof. Ramesh Sharma,ramesh.t13@example.edu,Machine Design,ME303,47,46
23MEB021,Revathi Reddy,revathi.23meb021@example.edu,+91 90000 00171,ME,B,Prof. Ramesh Sharma,ramesh.t13@example.edu,Manufacturing Technology,ME304,47,45
23MEB021,Revathi Reddy,revathi.23meb021@example.edu,+91 90000 00171,ME,B,Prof. Ramesh Sharma,ramesh.t13@example.edu,Heat Transfer,ME305,46,44
23MEB021,Revathi Reddy,revathi.23meb021@example.edu,+91 90000 00171,ME,B,Prof. Ramesh Sharma,ramesh.t13@example.edu,Kinematics of Machines,ME306,46,44
23MEB022,Siddharth Pillai,siddharth.23meb022@example.edu,+91 90000 00172,ME,B,Prof. Ramesh Sharma,ramesh.t13@example.edu,Thermodynamics,ME301,60,56
23MEB022,Siddharth Pillai,siddharth.23meb022@example.edu,+91 90000 00172,ME,B,Prof. Ramesh Sharma,ramesh.t13@example.edu,Fluid Mechanics,ME302,46,43
23MEB022,Siddharth Pillai,siddharth.23meb022@example.edu,+91 90000 00172,ME,B,Prof. Ramesh Sharma,ramesh.t13@example.edu,Machine Design,ME303,47,44
23MEB022,Siddharth Pillai,siddharth.23meb022@example.edu,+91 90000 00172,ME,B,Prof. Ramesh Sharma,ramesh.t13@example.edu,Manufacturing Technology,ME304,47,44
23MEB022,Siddharth Pillai,siddharth.23meb022@example.edu,+91 90000 00172,ME,B,Prof. Ramesh Sharma,ramesh.t13@example.edu,Heat Transfer,ME305,46,42
23MEB022,Siddharth Pillai,siddharth.23meb022@example.edu,+91 90000 00172,ME,B,Prof. Ramesh Sharma,ramesh.t13@example.edu,Kinematics of Machines,ME306,46,42
23MEB023,Divya Krishnan,divya.23meb023@example.edu,+91 90000 00173,ME,B,Prof. Ramesh Sharma,ramesh.t13@example.edu,Thermodynamics,ME301,60,58
23MEB023,Divya Krishnan,divya.23meb023@example.edu,+91 90000 00173,ME,B,Prof. Ramesh Sharma,ramesh.t13@example.edu,Fluid Mechanics,ME302,46,45
23MEB023,Divya Krishnan,divya.23meb023@example.edu,+91 90000 00173,ME,B,Prof. Ramesh Sharma,ramesh.t13@example.edu,Machine Design,ME303,47,46
23MEB023,Divya Krishnan,divya.23meb023@example.edu,+91 90000 00173,ME,B,Prof. Ramesh Sharma,ramesh.t13@example.edu,Manufacturing Technology,ME304,47,46
23MEB023,Divya Krishnan,divya.23meb023@example.edu,+91 90000 00173,ME,B,Prof. Ramesh Sharma,ramesh.t13@example.edu,Heat Transfer,ME305,46,45
23MEB023,Divya Krishnan,divya.23meb023@example.edu,+91 90000 00173,ME,B,Prof. Ramesh Sharma,ramesh.t13@example.edu,Kinematics of Machines,ME306,46,45
23MEB024,Arjun Nair,arjun.23meb024@example.edu,+91 90000 00174,ME,B,Prof. Ramesh Sharma,ramesh.t13@example.edu,Thermodynamics,ME301,60,59
23MEB024,Arjun Nair,arjun.23meb024@example.edu,+91 90000 00174,ME,B,Prof. Ramesh Sharma,ramesh.t13@example.edu,Fluid Mechanics,ME302,46,45
23MEB024,Arjun Nair,arjun.23meb024@example.edu,+91 90000 00174,ME,B,Prof. Ramesh Sharma,ramesh.t13@example.edu,Machine Design,ME303,47,46
23MEB024,Arjun Nair,arjun.23meb024@example.edu,+91 90000 00174,ME,B,Prof. Ramesh Sharma,ramesh.t13@example.edu,Manufacturing Technology,ME304,47,47
23MEB024,Arjun Nair,arjun.23meb024@example.edu,+91 90000 00174,ME,B,Prof. Ramesh Sharma,ramesh.t13@example.edu,Heat Transfer,ME305,46,46
23MEB024,Arjun Nair,arjun.23meb024@example.edu,+91 90000 00174,ME,B,Prof. Ramesh Sharma,ramesh.t13@example.edu,Kinematics of Machines,ME306,46,45
23MEB025,Surya Krishnan,surya.23meb025@example.edu,+91 90000 00175,ME,B,Prof. Ramesh Sharma,ramesh.t13@example.edu,Thermodynamics,ME301,60,55
23MEB025,Surya Krishnan,surya.23meb025@example.edu,+91 90000 00175,ME,B,Prof. Ramesh Sharma,ramesh.t13@example.edu,Fluid Mechanics,ME302,46,42
23MEB025,Surya Krishnan,surya.23meb025@example.edu,+91 90000 00175,ME,B,Prof. Ramesh Sharma,ramesh.t13@example.edu,Machine Design,ME303,47,43
23MEB025,Surya Krishnan,surya.23meb025@example.edu,+91 90000 00175,ME,B,Prof. Ramesh Sharma,ramesh.t13@example.edu,Manufacturing Technology,ME304,47,43
23MEB025,Surya Krishnan,surya.23meb025@example.edu,+91 90000 00175,ME,B,Prof. Ramesh Sharma,ramesh.t13@example.edu,Heat Transfer,ME305,46,42
23MEB025,Surya Krishnan,surya.23meb025@example.edu,+91 90000 00175,ME,B,Prof. Ramesh Sharma,ramesh.t13@example.edu,Kinematics of Machines,ME306,46,42
23MEB026,Harish Patel,harish.23meb026@example.edu,+91 90000 00176,ME,B,Prof. Ramesh Sharma,ramesh.t13@example.edu,Thermodynamics,ME301,60,57
23MEB026,Harish Patel,harish.23meb026@example.edu,+91 90000 00176,ME,B,Prof. Ramesh Sharma,ramesh.t13@example.edu,Fluid Mechanics,ME302,46,44
23MEB026,Harish Patel,harish.23meb026@example.edu,+91 90000 00176,ME,B,Prof. Ramesh Sharma,ramesh.t13@example.edu,Machine Design,ME303,47,44
23MEB026,Harish Patel,harish.23meb026@example.edu,+91 90000 00176,ME,B,Prof. Ramesh Sharma,ramesh.t13@example.edu,Manufacturing Technology,ME304,47,45
23MEB026,Harish Patel,harish.23meb026@example.edu,+91 90000 00176,ME,B,Prof. Ramesh Sharma,ramesh.t13@example.edu,Heat Transfer,ME305,46,44
23MEB026,Harish Patel,harish.23meb026@example.edu,+91 90000 00176,ME,B,Prof. Ramesh Sharma,ramesh.t13@example.edu,Kinematics of Machines,ME306,46,44
23MEB027,Surya Reddy,surya.23meb027@example.edu,+91 90000 00177,ME,B,Prof. Ramesh Sharma,ramesh.t13@example.edu,Thermodynamics,ME301,60,57
23MEB027,Surya Reddy,surya.23meb027@example.edu,+91 90000 00177,ME,B,Prof. Ramesh Sharma,ramesh.t13@example.edu,Fluid Mechanics,ME302,46,43
23MEB027,Surya Reddy,surya.23meb027@example.edu,+91 90000 00177,ME,B,Prof. Ramesh Sharma,ramesh.t13@example.edu,Machine Design,ME303,47,44
23MEB027,Surya Reddy,surya.23meb027@example.edu,+91 90000 00177,ME,B,Prof. Ramesh Sharma,ramesh.t13@example.edu,Manufacturing Technology,ME304,47,45
23MEB027,Surya Reddy,surya.23meb027@example.edu,+91 90000 00177,ME,B,Prof. Ramesh Sharma,ramesh.t13@example.edu,Heat Transfer,ME305,46,43
23MEB027,Surya Reddy,surya.23meb027@example.edu,+91 90000 00177,ME,B,Prof. Ramesh Sharma,ramesh.t13@example.edu,Kinematics of Machines,ME306,46,44
23MEB028,Priyanka Mishra,priyanka.23meb028@example.edu,+91 90000 00178,ME,B,Prof. Ramesh Sharma,ramesh.t13@example.edu,Thermodynamics,ME301,60,55
23MEB028,Priyanka Mishra,priyanka.23meb028@example.edu,+91 90000 00178,ME,B,Prof. Ramesh Sharma,ramesh.t13@example.edu,Fluid Mechanics,ME302,46,42
23MEB028,Priyanka Mishra,priyanka.23meb028@example.edu,+91 90000 00178,ME,B,Prof. Ramesh Sharma,ramesh.t13@example.edu,Machine Design,ME303,47,43
23MEB028,Priyanka Mishra,priyanka.23meb028@example.edu,+91 90000 00178,ME,B,Prof. Ramesh Sharma,ramesh.t13@example.edu,Manufacturing Technology,ME304,47,43
23MEB028,Priyanka Mishra,priyanka.23meb028@example.edu,+91 90000 00178,ME,B,Prof. Ramesh Sharma,ramesh.t13@example.edu,Heat Transfer,ME305,46,42
23MEB028,Priyanka Mishra,priyanka.23meb028@example.edu,+91 90000 00178,ME,B,Prof. Ramesh Sharma,ramesh.t13@example.edu,Kinematics of Machines,ME306,46,42
23MEB029,Akash Krishnan,akash.23meb029@example.edu,+91 90000 00179,ME,B,Prof. Ramesh Sharma,ramesh.t13@example.edu,Thermodynamics,ME301,60,56
23MEB029,Akash Krishnan,akash.23meb029@example.edu,+91 90000 00179,ME,B,Prof. Ramesh Sharma,ramesh.t13@example.edu,Fluid Mechanics,ME302,46,43
23MEB029,Akash Krishnan,akash.23meb029@example.edu,+91 90000 00179,ME,B,Prof. Ramesh Sharma,ramesh.t13@example.edu,Machine Design,ME303,47,44
23MEB029,Akash Krishnan,akash.23meb029@example.edu,+91 90000 00179,ME,B,Prof. Ramesh Sharma,ramesh.t13@example.edu,Manufacturing Technology,ME304,47,44
23MEB029,Akash Krishnan,akash.23meb029@example.edu,+91 90000 00179,ME,B,Prof. Ramesh Sharma,ramesh.t13@example.edu,Heat Transfer,ME305,46,43
23MEB029,Akash Krishnan,akash.23meb029@example.edu,+91 90000 00179,ME,B,Prof. Ramesh Sharma,ramesh.t13@example.edu,Kinematics of Machines,ME306,46,43
23MEB030,Arjun Kumar,arjun.23meb030@example.edu,+91 90000 00180,ME,B,Prof. Ramesh Sharma,ramesh.t13@example.edu,Thermodynamics,ME301,60,58
23MEB030,Arjun Kumar,arjun.23meb030@example.edu,+91 90000 00180,ME,B,Prof. Ramesh Sharma,ramesh.t13@example.edu,Fluid Mechanics,ME302,46,45
23MEB030,Arjun Kumar,arjun.23meb030@example.edu,+91 90000 00180,ME,B,Prof. Ramesh Sharma,ramesh.t13@example.edu,Machine Design,ME303,47,46
23MEB030,Arjun Kumar,arjun.23meb030@example.edu,+91 90000 00180,ME,B,Prof. Ramesh Sharma,ramesh.t13@example.edu,Manufacturing Technology,ME304,47,46
23MEB030,Arjun Kumar,arjun.23meb030@example.edu,+91 90000 00180,ME,B,Prof. Ramesh Sharma,ramesh.t13@example.edu,Heat Transfer,ME305,46,45
23MEB030,Arjun Kumar,arjun.23meb030@example.edu,+91 90000 00180,ME,B,Prof. Ramesh Sharma,ramesh.t13@example.edu,Kinematics of Machines,ME306,46,45
